filename,original_label,cluster_id
data\raw\SUV\03ec6d0d0d0b206b4f2188d059b44673.jpg,SUV,3
data\raw\SUV\0884cfd39df4f0f0e8d9dc7892af704a.jpg,SUV,2
data\raw\SUV\09126093db4e014a5b3adc40e1588537.jpg,SUV,2
data\raw\SUV\0e807f955d3483fceb766c971e91255a.jpg,SUV,6
data\raw\SUV\1b193083304056f4ccb8669b4dde1f6b.jpg,SUV,6
data\raw\SUV\1b4423903d5631634d90abde26ac5089.jpg,SUV,2
data\raw\SUV\1eea39b6d3061353e88a4c9238b08cba.jpg,SUV,6
data\raw\SUV\22857549644287a36bd3d8b9726e0e55.jpg,SUV,2
data\raw\SUV\27eee6c47493bb76147667cdac0fc669.jpg,SUV,3
data\raw\SUV\29277a4bef7cf90962e1d88d251dd6b2.jpg,SUV,2
data\raw\SUV\2dee052e82055ccccfe38f8f224aa483.jpg,SUV,3
data\raw\SUV\2ed4fafd5e5c5b5e54bd7e9e0ca02d48.jpg,SUV,2
data\raw\SUV\2f68fd1d5e4904c8fe5f47034f3a207a.jpg,SUV,3
data\raw\SUV\2fdd3e4580f64cf16de41748c23679c0.jpg,SUV,3
data\raw\SUV\321a00d097b06fe97a2dcfe7f22a529e.jpg,SUV,6
data\raw\SUV\32a03ccfe376e30cb0a7f869918353e8.jpg,SUV,3
data\raw\SUV\38d101e4c5426a2f5e8d897e267b23eb.jpg,SUV,3
data\raw\SUV\3b24f30f0eac885943341a799c6ca6a5.jpg,SUV,1
data\raw\SUV\3e6d9a93a01acbe060fd8cd3d142de3b.jpg,SUV,3
data\raw\SUV\45214809bcc5205ed622d5a648f73128.jpg,SUV,6
data\raw\SUV\46a68126eda91134247f1b46cc97b580.jpg,SUV,3
data\raw\SUV\46ed1a9c6deba1632e22cc44ea92805d.jpg,SUV,3
data\raw\SUV\46f5dd565454ebf64936a183babbdc6c.jpg,SUV,2
data\raw\SUV\4795016187fd63f50d2d4e2f052d7b7c.jpg,SUV,3
data\raw\SUV\48208b4d8cd461a809453588c7b09320.jpg,SUV,3
data\raw\SUV\49173b67fddc75434ba8f3a3a6d378d0.jpg,SUV,2
data\raw\SUV\4eb50879e8138e233816c4a69df8ffae.jpg,SUV,2
data\raw\SUV\507e2ba50f89a25838ac70f269b8ea8a.jpg,SUV,3
data\raw\SUV\51165197154c8bcc340ded31b366fd1d.jpg,SUV,2
data\raw\SUV\511bf63b404d2ccf8d1dc9298214fb78.jpg,SUV,2
data\raw\SUV\5239c73cb021e923edb5396e0fb626a1.jpg,SUV,3
data\raw\SUV\545fc49c593f1867b2c3c6f3922cc8f7.jpg,SUV,3
data\raw\SUV\57061545b5ca668a20a65e5022fe40f4.jpg,SUV,3
data\raw\SUV\59315355e9a947e647ce35edd7295a34.jpg,SUV,3
data\raw\SUV\596dc81a22b9a26e2ea124604b1e4ba5.jpg,SUV,3
data\raw\SUV\5a350dbed923d9a1643989c555ce2952.jpg,SUV,3
data\raw\SUV\5a44cd10616b677d17672db590383aa5.jpg,SUV,3
data\raw\SUV\5ce4580a316ea216e901890709bfef7c.jpg,SUV,3
data\raw\SUV\5e526a3f6df69ffaeafaf3444823efeb.jpg,SUV,2
data\raw\SUV\5fd83cefc3b39bd09db55a883dc42f2b.jpg,SUV,2
data\raw\SUV\60c621ae002936d843e3d790203d9705.jpg,SUV,3
data\raw\SUV\60d78e3462df33e84f87766017adc5dd.jpg,SUV,3
data\raw\SUV\61695bd7d2206e73b625af51a1f11ccd.jpg,SUV,3
data\raw\SUV\623efb2118a18896f8a6496c084ede20.jpg,SUV,6
data\raw\SUV\627477dc1c1339830bd9c8365513e00d.jpg,SUV,3
data\raw\SUV\6439555124310d018ec708cfcd9c3965.jpg,SUV,3
data\raw\SUV\64ace4c49df72f09df11ffbcbca3c5d1.jpg,SUV,6
data\raw\SUV\669a94c5fca27f008105bd8c8487e6d0.jpg,SUV,6
data\raw\SUV\67bfa6f24c1fd0af158ad41635093b5c.jpg,SUV,3
data\raw\SUV\68982af790e338605e590e05f829f913.jpg,SUV,2
data\raw\SUV\6948e90483525f73bf7d2c19edf5b725.jpg,SUV,3
data\raw\SUV\6ba7d643f5c9041047a7b96c0f3533a0.jpg,SUV,2
data\raw\SUV\6cfcc0ae7aa54aaa94bf9b49e55aa28e.jpg,SUV,2
data\raw\SUV\6f6e34b78a74780947c8b87ab41a3d7f.jpg,SUV,3
data\raw\SUV\725d2e27cfc762edf9fec3b445f2ee13.jpg,SUV,3
data\raw\SUV\72b6005bd2ab43cfefe1e92ff3abbd9e.jpg,SUV,3
data\raw\SUV\73b534be157f28bba21fe1abc9728d7a.jpg,SUV,3
data\raw\SUV\77741402fefc50930e84fa866c4a1087.jpg,SUV,3
data\raw\SUV\77bc5a1f7ec63f11a0313d79ab84b474.jpg,SUV,3
data\raw\SUV\7995c7c3366c6651c46b4ae9f6e86e0c.jpg,SUV,2
data\raw\SUV\7b88ab384d0158570e62b00dcfb20a54.jpg,SUV,2
data\raw\SUV\7b9bf25e68a6ed25af2154d7a9056cb2.jpg,SUV,3
data\raw\SUV\7c3dd347c11b9cc7d6b4f7b5a941dd64.jpg,SUV,3
data\raw\SUV\833de5f6ee0e086adb22233cba85fe0e.jpg,SUV,3
data\raw\SUV\8377a91b4a2464aece2ec23c536a5cba.jpg,SUV,2
data\raw\SUV\86bbb3c36a1a4d121ae2e7317c908559.jpg,SUV,6
data\raw\SUV\886889bb4d5d5b13d0b67125fdb320ae.jpg,SUV,2
data\raw\SUV\8a20ab322dde5d5f3f57b82cc14034a4.jpg,SUV,3
data\raw\SUV\8bcc75ce7bbaf071120fe07da4ba167e.jpg,SUV,3
data\raw\SUV\8cb9b602b1c11113b402b33d2972ae03.jpg,SUV,3
data\raw\SUV\92b3aba80dda393ec5a2de160c53b348.jpg,SUV,3
data\raw\SUV\95b67cfbf140c672ccbf43bf98c378b2.jpg,SUV,3
data\raw\SUV\95d1e8fad96147ce4738cd081693e759.jpg,SUV,2
data\raw\SUV\963c99dd468f3b220bb20eaeed5603f0.jpg,SUV,3
data\raw\SUV\98d8c5b6bf344644add91000547f01c4.jpg,SUV,6
data\raw\SUV\993135716c34247d8b237b3485290e04.jpg,SUV,3
data\raw\SUV\9a82fd3c6bbca062d890c9bfa810c12c.jpg,SUV,3
data\raw\SUV\9b6e8a3a343d303e283b98c52ce8517a.jpg,SUV,6
data\raw\SUV\9c570a8d103e4387252cef9ec704a440.jpg,SUV,2
data\raw\SUV\9c608252e630ce5fbfc657cd25a57923.jpg,SUV,3
data\raw\SUV\9d4aab76998555e3c8d7cae857fe137c.jpg,SUV,6
data\raw\SUV\a05832359549aabc0866b791405e7aac.jpg,SUV,6
data\raw\SUV\a0d3003daa5e6be89b7e23a771a4d057.jpg,SUV,3
data\raw\SUV\a15ce7c6ce078f8b938f7f4fd263ee3d.jpg,SUV,3
data\raw\SUV\a1716c1e5178a3fbc14cc44dbb0cdf9c.jpg,SUV,2
data\raw\SUV\a1aee21791edd791022e0c8b250f2d7e.jpg,SUV,6
data\raw\SUV\a38519c7284c1ec4d87691d79dabb44a.jpg,SUV,3
data\raw\SUV\a8dc285be20e2cdd487faa9d13eca1dd.jpg,SUV,3
data\raw\SUV\aaa230de0175a0715dc6e0ad1b456af3.jpg,SUV,2
data\raw\SUV\aaa47651e802a50fe0fff57c1be3d7d4.jpg,SUV,3
data\raw\SUV\adf9a85fb8232ef8e99a6ae2d64463e8.jpg,SUV,2
data\raw\SUV\af3fdc1b8e21a23eeb905d9b2c48307c.jpg,SUV,3
data\raw\SUV\af70ac2ec2cf8500b81515c01f138f6c.jpg,SUV,3
data\raw\SUV\b03aad494e040bc662a08ba51aaa8689.jpg,SUV,3
data\raw\SUV\b143339bf33ae5786d9f0aeb17a55e4d.jpg,SUV,6
data\raw\SUV\b19bc9b8b0bf817b9f7918438c4aa656.jpg,SUV,3
data\raw\SUV\b1af2fb4ec7b925f0c35a97da50dd8b9.jpg,SUV,3
data\raw\SUV\b221c3a7315d9d2a4d999a890df0097e.jpg,SUV,2
data\raw\SUV\b3b901e4223cc9bee2b4c3ceb109b7db.jpg,SUV,2
data\raw\SUV\b41aab717300e9dc5a1e130bc99ee189.jpg,SUV,3
data\raw\SUV\b605fb721d646ac415583ab630d57640.jpg,SUV,3
data\raw\SUV\b7ae42e5fc8f001060deb1c91f1ebe4d.jpg,SUV,2
data\raw\SUV\b83284cf57807f5dd889d371045d7415.jpg,SUV,3
data\raw\SUV\b85dcce0a90f1b75246fdaf06dce9193.jpg,SUV,3
data\raw\SUV\b87aec98e16992a2116db74ad3aaf68d.jpg,SUV,2
data\raw\SUV\b8c752b21b9d5939b7460ba011b2026b.jpg,SUV,2
data\raw\SUV\b9c46878d563567c7e72622ab720358f.jpg,SUV,3
data\raw\SUV\b9da725f8dcd8a4d0ff87be345863f31.jpg,SUV,6
data\raw\SUV\bfd1a9ed2efd691d1ab54875d9ccc7c2.jpg,SUV,3
data\raw\SUV\c1565f1e8d3dc5eecc59a3d21edd134f.jpg,SUV,6
data\raw\SUV\c3f4ae4e8a9adf9d863f766848eb5d45.jpg,SUV,3
data\raw\SUV\c6107549c19a050b4a354d977ed6c9a5.jpg,SUV,2
data\raw\SUV\c8d45c3689b8966d6b6aceced77c037f.jpg,SUV,2
data\raw\SUV\ca6db841594dc9da2de6a21b25e505e5.jpg,SUV,3
data\raw\SUV\cb4317a66cd7b00d6920ae79c8f8014a.jpg,SUV,3
data\raw\SUV\cdc6a28ff10537cd00a153c2dfecce5a.jpg,SUV,3
data\raw\SUV\d3ff7e1f93521da03c70dbc9535485e4.jpg,SUV,3
data\raw\SUV\d8071d8d354de6d11e8abac00531772c.jpg,SUV,3
data\raw\SUV\d8e034b2a005f6abdd548690cd8ce834.jpg,SUV,3
data\raw\SUV\d973062683d9b9fa2972b37e314e87b8.jpg,SUV,2
data\raw\SUV\d9fef0f4970de5396b769b905cc7d4c7.jpg,SUV,3
data\raw\SUV\da319778f1691a99eb40559a4fed2396.jpg,SUV,3
data\raw\SUV\dae7847df4874483975bb83bab592efc.jpg,SUV,2
data\raw\SUV\dc0ac7732e01bb04c83059e04da848fd.jpg,SUV,6
data\raw\SUV\df1081c7a6c1490b3fe01fde6410ad96.jpg,SUV,3
data\raw\SUV\e215bc9a198f7f9cf2952b4a5f8f257a.jpg,SUV,2
data\raw\SUV\e2b2bec7afff37f3252eb058cee972b8.jpg,SUV,2
data\raw\SUV\e32a82e2bfaf0e484602e91821ab7caf.jpg,SUV,2
data\raw\SUV\e845e3518bed9c06f1a21282403ae77e.jpg,SUV,3
data\raw\SUV\ea89c182dda650303d3970b4a3b12c48.jpg,SUV,3
data\raw\SUV\eccbdfee23a95849dffa2621b4dd81a1.jpg,SUV,3
data\raw\SUV\f0869be741071577c2f8e06c4410c889.jpg,SUV,6
data\raw\SUV\f1d7ce480e554592db18621ab22907b2.jpg,SUV,6
data\raw\SUV\f32a553db1e3e501e9823ec687d2bab3.jpg,SUV,3
data\raw\SUV\f337036e76ea9616adfbe1b4fe87ab4b.jpg,SUV,3
data\raw\SUV\f66f1deb2c8ff4d7bbf44b510818e051.jpg,SUV,2
data\raw\SUV\f79af8d47c5392e41f57d21c8763bd94.jpg,SUV,3
data\raw\SUV\f8b0e5daf1a3d5d1c8f638366f2caf97.jpg,SUV,2
data\raw\SUV\f99a861dfce067f32133b8868b97a286.jpg,SUV,3
data\raw\SUV\fcda5b65a3c654efd28be93570397850.jpg,SUV,2
data\raw\bus\024017bda63bf980f932736ced0daa17.jpg,bus,4
data\raw\bus\02c121b8a6120161d090d9d38fea7dd5.jpg,bus,4
data\raw\bus\04206de57edaf19ac25678351bfd62fc.jpg,bus,3
data\raw\bus\0679e38b7bfba2a1f41fe9cfe86ab8b0.jpg,bus,4
data\raw\bus\095f5dbc4905f28b6d542a67bd28aefd.jpg,bus,2
data\raw\bus\0aa8c6bece0ab6ceda43e920634e4fa2.jpg,bus,3
data\raw\bus\116effe3913beddfbff4f829b4191166.jpg,bus,4
data\raw\bus\11e27339db15e2260e273f1d3e56b8f7.jpg,bus,4
data\raw\bus\121dde254168b8e1d9d804c5d2861d71.jpg,bus,4
data\raw\bus\1253cf32a4e9c42798cdd746a8ab19e6.jpg,bus,4
data\raw\bus\12c13bf9a43d5145c945a057383210ff.jpg,bus,4
data\raw\bus\13f035d20d8dd4ab98117390da06d375.jpg,bus,3
data\raw\bus\14b3154f8d54a097465b27977577e1c1.jpg,bus,3
data\raw\bus\15398ccf6d05b0cf3ff354428eefcfe3.jpg,bus,3
data\raw\bus\15c883eb6fab9b68f105140e59a65c64.jpg,bus,3
data\raw\bus\164d97fbc309317091a38a1c6269122d.jpg,bus,4
data\raw\bus\19cddf85fe12507405ab6df4b521fd8c.jpg,bus,3
data\raw\bus\1a4b6dac4266b1d93e3d569ea11ceb05.jpg,bus,4
data\raw\bus\1aa31d25a8004b34697f6e7a195fc53b.jpg,bus,4
data\raw\bus\1d387a8481440443b6d2dc1705919877.jpg,bus,4
data\raw\bus\20eca2a9ca16c55dc378bc293083afc3.jpg,bus,3
data\raw\bus\225c334d4a5bc4d98dce568085f88bdf.jpg,bus,3
data\raw\bus\235ec97af88906dcaf161e4a32fa9149.jpg,bus,3
data\raw\bus\280f6fe8cacde80fc025383b01785932.jpg,bus,4
data\raw\bus\2a983bca836647d2e97a7df32475f6bb.jpg,bus,4
data\raw\bus\2ef7ccd26e9497fe804a0bb6403ebaa6.jpg,bus,3
data\raw\bus\2fb9d82b1564b12f857c6c2f061c101a.jpg,bus,4
data\raw\bus\335e625e9ac9d80ea19f3baa720c5af8.jpg,bus,4
data\raw\bus\39d0cee99a5c187fe6099d510e3bfddd.jpg,bus,3
data\raw\bus\3b83df7a016154ef74d5c7faf7b93a7b.jpg,bus,4
data\raw\bus\3baa40f19358ffd68c93b60579553a7b.jpg,bus,4
data\raw\bus\3cc52ec746d1fbb50388435cb75d2929.jpg,bus,3
data\raw\bus\3d5acb19295f66bb5263180707704912.jpg,bus,4
data\raw\bus\4039e33e0fc2974ac5708d111ecab7ea.jpg,bus,4
data\raw\bus\41611b6b712a1aaf865508b6dd185729.jpg,bus,3
data\raw\bus\47e92094b946b04b9d010ada60924895.jpg,bus,2
data\raw\bus\48136b9ec8122bdfa0eae5970443483b.jpg,bus,3
data\raw\bus\49a6847f87dabdc9af0cdb7b0d3ab39c.jpg,bus,3
data\raw\bus\49f6d791cd7c95d9f3e0ba55cf975853.jpg,bus,4
data\raw\bus\4ae7e81712559bfb314e080fd5d317fc.jpg,bus,4
data\raw\bus\4b9490b11b616cfce62720539f738402.jpg,bus,4
data\raw\bus\4e6ddd162d8c0d5cd917c647f77d4639.jpg,bus,4
data\raw\bus\55451d56f558175b3e8dde8ef160a201.jpg,bus,3
data\raw\bus\55daa41eb3265767afaae0db183fdbad.jpg,bus,3
data\raw\bus\570871070d7dbb59eceaee35e5cd1825.jpg,bus,3
data\raw\bus\60bfa5e9fd43babf84e94fcc2846e656.jpg,bus,3
data\raw\bus\62ae124b4c4e020d2abb56de276553c5.jpg,bus,4
data\raw\bus\634de68e0e5a644399bb3a96459cb93e.jpg,bus,3
data\raw\bus\641b793f3702fd425fcaebdc1c872f85.jpg,bus,4
data\raw\bus\644f2efd1964438fb13ab765767286ac.jpg,bus,4
data\raw\bus\65b778f166c4cfee9ee3270326c5154f.jpg,bus,4
data\raw\bus\65d98eefc7371f815770dacd0ad73411.jpg,bus,4
data\raw\bus\65df6b1530ce08678f8ba9f47faef2b4.jpg,bus,4
data\raw\bus\66aea570b9aef59e8d4037fceceabd81.jpg,bus,4
data\raw\bus\6f27a3083ab6b7b89443adfcbd2cacfc.jpg,bus,3
data\raw\bus\72456fecbbd8c943cbf50779606db47f.jpg,bus,3
data\raw\bus\74d2c5f9ae49cc9b5ca2b97c6bddd386.jpg,bus,3
data\raw\bus\7b5618d82d2f71c86ca04993a3a9375f.jpg,bus,3
data\raw\bus\7b5cec32801bb06fa46f5996f0097547.jpg,bus,4
data\raw\bus\7d26f1d83777c72e7ff07f932338b131.jpg,bus,3
data\raw\bus\80b43868c971c4ec65e11ceedf564509.jpg,bus,3
data\raw\bus\849dc941abda4a1cad3193aa0c8d8dba.jpg,bus,4
data\raw\bus\856ef23570ddd91c16bfbb02083b886e.jpg,bus,3
data\raw\bus\863df792f5d8763cb1dc23fc993bc08c.jpg,bus,3
data\raw\bus\86e84d49bd83ce5647a7930bc644d25a.jpg,bus,3
data\raw\bus\8709ccca1c86704469deb784b772bd01.jpg,bus,4
data\raw\bus\88fe2d258922129710984b73bdfc7e42.jpg,bus,4
data\raw\bus\895431d9159f0a59683be0f8634557fa.jpg,bus,3
data\raw\bus\8e163ed1c13350475764236f5ed200ed.jpg,bus,4
data\raw\bus\8f884b44732c27a7d0c9a2a4b6e5d997.jpg,bus,3
data\raw\bus\90cd67b45d55ea759a67f36fcb50c0f6.jpg,bus,3
data\raw\bus\96bd1d97e1386cbc2734c7090b94b7bf.jpg,bus,3
data\raw\bus\973e3e375ade956827623d10890c035a.jpg,bus,3
data\raw\bus\9a5fccaccafc22d9aa37220ec03d1a2e.jpg,bus,4
data\raw\bus\9bc587f1a945815a6d983b768397296a.jpg,bus,4
data\raw\bus\9e2b72aea847e39443b8987d1a4937b1.jpg,bus,3
data\raw\bus\9eccc9c7a331731e2709340624abb87e.jpg,bus,4
data\raw\bus\a0d36502212e42511d4d91784a850618.jpg,bus,4
data\raw\bus\a1311e221129767843722b6a1a05dc93.jpg,bus,4
data\raw\bus\a14c481d946540499a6344fb4fffd9c5.jpg,bus,3
data\raw\bus\a18d825bfe7b50b5aaeadd01f6f381f4.jpg,bus,4
data\raw\bus\a2219fd1636ed523a4d6c78cf26707cd.jpg,bus,3
data\raw\bus\a274e09cc4b15b0ee59a21b47d2aad23.jpg,bus,3
data\raw\bus\a3ca0ab068d4b46d39041562c88643f4.jpg,bus,4
data\raw\bus\a40eeef11aeb387367319937886d7974.jpg,bus,4
data\raw\bus\a45768c83196d793e0c36b761d18cc4b.jpg,bus,4
data\raw\bus\a50534f5e36b931b9094d13640376070.jpg,bus,4
data\raw\bus\a81e21bd3f3d067ffda57929c8e34bb5.jpg,bus,4
data\raw\bus\ab050757b60f7c6edf317a616f8d1593.jpg,bus,3
data\raw\bus\ac17872313c389525d8ae748910fc7b2.jpg,bus,3
data\raw\bus\ac653453141a8f8c9b4d3b81d0380c87.jpg,bus,4
data\raw\bus\aca92eeaa45fd273f13d323d97ab6209.jpg,bus,4
data\raw\bus\b1a4f73d6ea904f629218d451d99959f.jpg,bus,3
data\raw\bus\b2e8d7f9e0bb6633d88a787646a7c603.jpg,bus,2
data\raw\bus\b4ec0d3e12fcb1b5781205454e2591e2.jpg,bus,3
data\raw\bus\b61f8549e550ee5df452249a3c39f096.jpg,bus,4
data\raw\bus\b653dce92e36e57d7a628733ed48c1c1.jpg,bus,4
data\raw\bus\b7076331918c58022c391682e2793fcf.jpg,bus,3
data\raw\bus\b853f986e2b01d1e8f43f4f7dd8581b6.jpg,bus,4
data\raw\bus\ba6c8a00e0d675210a7dea54fd49a0c5.jpg,bus,4
data\raw\bus\bab2307c9dc27aeed531852d415e79bc.jpg,bus,3
data\raw\bus\bb2a3faa006ceea5a9e0e52426aa89ec.jpg,bus,4
data\raw\bus\c8b9f1eac9d3641efb4604acc53446f9.jpg,bus,3
data\raw\bus\c93f464632f29366968f0b65aec619dd.jpg,bus,3
data\raw\bus\ccd2df714465721297d06c6c37d62b49.jpg,bus,4
data\raw\bus\ccfa987ed8b4e22d3f47925ea4b75911.jpg,bus,3
data\raw\bus\d178719ce383fa2d7b651349a5419953.jpg,bus,3
data\raw\bus\d33099cc95180606ce63d6a51990b5c1.jpg,bus,4
data\raw\bus\d43140ef5562636d561e7a77acdf3dc4.jpg,bus,4
data\raw\bus\d7368c130c6695f201c8759872738ae4.jpg,bus,3
data\raw\bus\d7648bd6c154fd9cc7fdf61f58fec60e.jpg,bus,4
data\raw\bus\d8338684052fa083394888f5abdf92f4.jpg,bus,4
data\raw\bus\d8906dff923a350e539d6517e7f59c44.jpg,bus,3
data\raw\bus\d8da29f653ba78be6052cb430d666e1b.jpg,bus,4
data\raw\bus\d9e4da36781b91612aa3fa8bcec32097.jpg,bus,3
data\raw\bus\da3dccf1dfa4fd0a912694298750ff56.jpg,bus,4
data\raw\bus\dd5bc2d0d37c3b929f006a150b8d25af.jpg,bus,4
data\raw\bus\df6a2963715e08e9d4940fba6ab24354.jpg,bus,4
data\raw\bus\e0dd262ae0842c20f947fc90ea0c8cdb.jpg,bus,3
data\raw\bus\e1b5a136fa90e01577e6d858ad4a6391.jpg,bus,4
data\raw\bus\e4de2a444a380cb60f12d9d0e1ab1e29.jpg,bus,3
data\raw\bus\e7f55385615e4b38a67eafc2509668f0.jpg,bus,4
data\raw\bus\ecdd6dc7e72ba80690871816e6786661.jpg,bus,4
data\raw\bus\ecfb87bf9c5acfd17e34aeb1a02b8781.jpg,bus,4
data\raw\bus\ed25e5bb2eca5322d76ef33330e93f8e.jpg,bus,4
data\raw\bus\edde04339c8d1005ee417bd38b4cf633.jpg,bus,4
data\raw\bus\efcf40d81e9dc8800f2ab65bbb587223.jpg,bus,3
data\raw\bus\f01ede20936b93901347611fc4f1037c.jpg,bus,4
data\raw\bus\f0a353ac806d2d1f3c9888088f0084ad.jpg,bus,4
data\raw\bus\f170bf1c7b9839aa8eeead90444f1e38.jpg,bus,3
data\raw\bus\f1cb188f716770cd860a41906b1b37fa.jpg,bus,4
data\raw\bus\f316530ebac9e2a2b1c8152b1bdc5e4b.jpg,bus,4
data\raw\bus\f3262b3465113bc065b2665b39c21ddd.jpg,bus,2
data\raw\bus\f7cfac075599d2118ee5504f6bee130f.jpg,bus,4
data\raw\bus\f91e2e0b6866a94f1fc044bed0458b34.jpg,bus,3
data\raw\bus\fb5c65e6c58589b6a9e0b18af737f34f.jpg,bus,3
data\raw\bus\fd5118071cf6b62dd8a202123cfc50c3.jpg,bus,3
data\raw\bus\fd545f86184404992ca3bd0f65eb4a8a.jpg,bus,3
data\raw\bus\fdfcd39e3c10160177aad7b2f0b0f8f5.jpg,bus,4
data\raw\bus\ff74e1986e4f26016c06625b548b7f06.jpg,bus,3
data\raw\family sedan\0142c36b53a35696295edd28c890c26d.jpg,family sedan,3
data\raw\family sedan\01527ab49b688c7998869cd4c477d669.jpg,family sedan,2
data\raw\family sedan\05ae3fb4750eeb9824f95cedfa581f00.jpg,family sedan,6
data\raw\family sedan\089f0636bccd84ad904927d58a478e1c.jpg,family sedan,2
data\raw\family sedan\0b009c2bcc5c55389e0f25ff85a265e1.jpg,family sedan,6
data\raw\family sedan\0bf264e3b7692c4569185a2ce3e1b4bd.jpg,family sedan,6
data\raw\family sedan\0c1683cf4a66b6f4bc63bb3190f91283.jpg,family sedan,3
data\raw\family sedan\0e19a8478c2baf0a988d92de2d502ba4.jpg,family sedan,6
data\raw\family sedan\0e6ead236b866e1133972826ce1ef522.jpg,family sedan,6
data\raw\family sedan\1120723812d500b865699c74afc52b1c.jpg,family sedan,2
data\raw\family sedan\123be788bfc2b4e3e3f70794d1dde12e.jpg,family sedan,6
data\raw\family sedan\129c28e9fdf0adab3a78f17d85f0e087.jpg,family sedan,6
data\raw\family sedan\134906e5508ef6896c1eb644f6440462.jpg,family sedan,6
data\raw\family sedan\16b1bdbb6d944fc3bc2e9c7c76f17102.jpg,family sedan,6
data\raw\family sedan\19fd1a92264404bed31ae957bfc532e9.jpg,family sedan,2
data\raw\family sedan\1d80a7cae9e82e6b52ad7d05a94070a0.jpg,family sedan,3
data\raw\family sedan\1d93e80a5eeab0d38ea78252932d04fa.jpg,family sedan,6
data\raw\family sedan\2049fd979d25dc2b06d30b2ab323f256.jpg,family sedan,6
data\raw\family sedan\21a7be27760ba1355b63b992e07cca4f.jpg,family sedan,6
data\raw\family sedan\22601c9e35f7508bb9e4c5c75d2269f8.jpg,family sedan,6
data\raw\family sedan\22959c90eb310984e6988ef649a50967.jpg,family sedan,6
data\raw\family sedan\254ba4473342fc6b38c63d80671c1ff5.jpg,family sedan,1
data\raw\family sedan\286573078b138847775dc65bc3326927.jpg,family sedan,6
data\raw\family sedan\28f3f71c72fce569e0077fe028d1aa11.jpg,family sedan,2
data\raw\family sedan\297590f54911dacf671275bb20c57aa3.jpg,family sedan,3
data\raw\family sedan\2981f6ebe3d38d2fdf471551ea6aeb27.jpg,family sedan,6
data\raw\family sedan\2a0bfb9ee698dda1d3015b2044e0c8fc.jpg,family sedan,2
data\raw\family sedan\2ae7f38947aeb96b0e456ccd80408ae4.jpg,family sedan,6
data\raw\family sedan\2dde01719209f50e80dd0e53c59c58c8.jpg,family sedan,6
data\raw\family sedan\2e7318b8afc8825bcc911ea4ef56cad9.jpg,family sedan,6
data\raw\family sedan\313b11961cc700e20c8d19e6b135676a.jpg,family sedan,3
data\raw\family sedan\322311f6d94dfec6ed3006ac8cb13d9b.jpg,family sedan,6
data\raw\family sedan\345a4610ca4b7aefef161949b80a0cda.jpg,family sedan,2
data\raw\family sedan\36895beb63b2fc04196810aa2a2a608c.jpg,family sedan,6
data\raw\family sedan\36e22cd97dd93870c8ce9496b304c4de.jpg,family sedan,6
data\raw\family sedan\38a446c3991fc09471ed726cfe420e89.jpg,family sedan,2
data\raw\family sedan\393360d1c00ce21d365ef47514494b2d.jpg,family sedan,6
data\raw\family sedan\3a8c40e51bd9624043e21d086bb319d0.jpg,family sedan,3
data\raw\family sedan\3cb7ae95b6440e004e31cfe252b8b903.jpg,family sedan,2
data\raw\family sedan\3d2759e554fb5e8a1c19b806b36ab691.jpg,family sedan,6
data\raw\family sedan\40271c41ddce21468fbd79482b48359e.jpg,family sedan,6
data\raw\family sedan\40d827d69bfff0727a7eac90dc4b56e3.jpg,family sedan,1
data\raw\family sedan\437a01d14e2ef7a1e0c03b83ab9740bb.jpg,family sedan,6
data\raw\family sedan\43bfa7bfefc9207aaaf2b723a7c2c43c.jpg,family sedan,6
data\raw\family sedan\450a44ce407ee458f12866326a365a30.jpg,family sedan,6
data\raw\family sedan\45da74cce7f1f55ec98a359ecdd604db.jpg,family sedan,1
data\raw\family sedan\47878d8014aea5a55769fa9f165c0fe5.jpg,family sedan,6
data\raw\family sedan\4c275e19df529568bbb151bc7bccf65e.jpg,family sedan,6
data\raw\family sedan\4d3de6244250e35355bd45d83d615379.jpg,family sedan,2
data\raw\family sedan\50244698b2ef0f8191be3f00c1569216.jpg,family sedan,6
data\raw\family sedan\556fdc046f1e367d6564b61d8b940ddb.jpg,family sedan,6
data\raw\family sedan\5594b05a3366b31115c0dab6f8b4897c.jpg,family sedan,6
data\raw\family sedan\56537b3b2860f188c9e997f9b83bdb34.jpg,family sedan,6
data\raw\family sedan\582a18d219e35bf37df5ce724c636c08.jpg,family sedan,6
data\raw\family sedan\5d4b012a48e8d4fd317c636b6f692dd5.jpg,family sedan,2
data\raw\family sedan\5f8dc21530d62ff58884682056fce728.jpg,family sedan,2
data\raw\family sedan\61a90391d12a57e941e20d8b9baa1b3b.jpg,family sedan,3
data\raw\family sedan\6227be1c750e26a79f4e078d2ac57f35.jpg,family sedan,6
data\raw\family sedan\6480b3e3ccd38e43cc83707275ca0ebb.jpg,family sedan,6
data\raw\family sedan\69bb395683676f3727f4beca48b7402e.jpg,family sedan,6
data\raw\family sedan\69ce78d68f461a1203551400e0d33566.jpg,family sedan,6
data\raw\family sedan\6df99947c35c0cac1db22daa86f852f4.jpg,family sedan,6
data\raw\family sedan\6f6bd372bc16c2f4a6373ebc43fd90da.jpg,family sedan,6
data\raw\family sedan\6f70cc31df26bdff0f714835e6793426.jpg,family sedan,6
data\raw\family sedan\7a8694aec5fb6d8f58b81582290a4f37.jpg,family sedan,2
data\raw\family sedan\7aa50ff8985ef06aefdeb9d03d42509d.jpg,family sedan,6
data\raw\family sedan\7ac7b3fdf1f2a1da5bbd1b8fe62fa613.jpg,family sedan,6
data\raw\family sedan\7ae34b2e5969bfbba2f893ee7c2d057a.jpg,family sedan,6
data\raw\family sedan\7c01001ec3515dd93da685b6c02288e7.jpg,family sedan,6
data\raw\family sedan\7db265152e32d9ed7e8576f41b88a63d.jpg,family sedan,6
data\raw\family sedan\81e4d659512ae588611e90e5c03eb7b1.jpg,family sedan,6
data\raw\family sedan\8533dbc03399d30024bfe4ceda9594e9.jpg,family sedan,2
data\raw\family sedan\871beb9bb86dddd79a1b32fbaa7c50b8.jpg,family sedan,3
data\raw\family sedan\89b5a573b1e99eb1abc8b58f51859728.jpg,family sedan,2
data\raw\family sedan\89f7906703d26cb9da5fc1391c7f0e72.jpg,family sedan,3
data\raw\family sedan\8affc7738aa7d5707e2b41d081512581.jpg,family sedan,6
data\raw\family sedan\8bbd8760c4bc2872d533298bc0cf29b7.jpg,family sedan,6
data\raw\family sedan\8d8b2a6e0e337341860a90d741027cdb.jpg,family sedan,6
data\raw\family sedan\8e4c475cf61c27dc89bb700539e37b27.jpg,family sedan,6
data\raw\family sedan\8e650868b439ecde1b03ad12c60c7bb5.jpg,family sedan,6
data\raw\family sedan\9166cb5284130f84d163ed499acdf83f.jpg,family sedan,6
data\raw\family sedan\92a740d0c4931223aea0bf0cec0b3cc7.jpg,family sedan,6
data\raw\family sedan\9414541847a4bc069504ba7e8bd3b3ff.jpg,family sedan,6
data\raw\family sedan\94b09b9e1de911f1fa8180f387c24cce.jpg,family sedan,6
data\raw\family sedan\96e07bda36b44767af729bb93d97c5f2.jpg,family sedan,6
data\raw\family sedan\99d73f8cb877a55ecda37d4f60013132.jpg,family sedan,6
data\raw\family sedan\99d7fc580f15f5caf79d9c79ea267436.jpg,family sedan,2
data\raw\family sedan\9b9db40a5c5b47074e6b8d9b923b3d29.jpg,family sedan,6
data\raw\family sedan\9dd16d29773268f66838f3fa779f983b.jpg,family sedan,6
data\raw\family sedan\a230af3482d4774475779c613c22e03a.jpg,family sedan,6
data\raw\family sedan\a33c81f771f9617342b9b91baa06cbfc.jpg,family sedan,6
data\raw\family sedan\a3e033b310c4157ff8ab6cf4c11c4706.jpg,family sedan,6
data\raw\family sedan\a42e40a39dc0f3481d07e8deb5c8092b.jpg,family sedan,2
data\raw\family sedan\a585ba362b7d9a1fc3b9eb612905de92.jpg,family sedan,6
data\raw\family sedan\a60fa815714f104174737acda1007660.jpg,family sedan,2
data\raw\family sedan\a98eb2bdd2da8f49c9b9d4ff569a347f.jpg,family sedan,2
data\raw\family sedan\a990ffee026b150e435a34b791674f2b.jpg,family sedan,6
data\raw\family sedan\aadcc684fce178d41a16aa989bed94bd.jpg,family sedan,6
data\raw\family sedan\accd4b26706595adc91bba8ec132a0d5.jpg,family sedan,6
data\raw\family sedan\af529f693fa22b05e3e4c5ab765a0c9f.jpg,family sedan,6
data\raw\family sedan\b13be5bf477d0b3eb545f938dda68916.jpg,family sedan,6
data\raw\family sedan\b21351411abe461ead49e029c2c57c2a.jpg,family sedan,6
data\raw\family sedan\b21ee71791fa00d10f38097a445cb6a8.jpg,family sedan,3
data\raw\family sedan\b3623f8534d59636bd75d2be865315ef.jpg,family sedan,6
data\raw\family sedan\b82e1a69e0516ec51be7734bc36e4166.jpg,family sedan,6
data\raw\family sedan\b833f7e8b53d98d614a9dee48d5d1621.jpg,family sedan,2
data\raw\family sedan\b8d8437dc35c08e4c2ef95d6c022bc45.jpg,family sedan,6
data\raw\family sedan\bd717f855adf6b4ec231046d715ee419.jpg,family sedan,6
data\raw\family sedan\be83602667cfbb6efe6caaa5b823f193.jpg,family sedan,6
data\raw\family sedan\c25edb37bb88152216637cde016caab5.jpg,family sedan,6
data\raw\family sedan\c3d9f65d754c1a721a7c2df4298ab482.jpg,family sedan,6
data\raw\family sedan\c435489686abe83e3fa198ec73fb3647.jpg,family sedan,6
data\raw\family sedan\c525dc6dc4a8f9335dcb9aa5248711f8.jpg,family sedan,2
data\raw\family sedan\c82c8866166495860d90a42d3a4af571.jpg,family sedan,6
data\raw\family sedan\c92f64e6208c4f703f72a19cec3eebe6.jpg,family sedan,3
data\raw\family sedan\c947ed1dc8ad40d43a52839f02d9b75d.jpg,family sedan,2
data\raw\family sedan\ca8905123cfe8d105f59d9fcbdcff9d0.jpg,family sedan,3
data\raw\family sedan\d0a58edbe14eec552c9f1ff990c5eb15.jpg,family sedan,3
data\raw\family sedan\d5945a8c69307ad00e79525619a106d4.jpg,family sedan,6
data\raw\family sedan\d69ae7784ac4f50ab541f30373bad314.jpg,family sedan,3
data\raw\family sedan\d76418a3b509af139911ca9fa6bc513a.jpg,family sedan,6
data\raw\family sedan\d81e062637772b2b2467a67d65b3442b.jpg,family sedan,6
data\raw\family sedan\dc25b25c02ff95f04a1f6c466485b503.jpg,family sedan,6
data\raw\family sedan\dd508f5d5eaf97ee73b00ee374425041.jpg,family sedan,2
data\raw\family sedan\dfab8f956a6b4321f0fd127bde7d72af.jpg,family sedan,6
data\raw\family sedan\e4ccf5b90bb13e302075dba4a92660b7.jpg,family sedan,6
data\raw\family sedan\e57c7f2420e2831919a0397b51a2ef61.jpg,family sedan,6
data\raw\family sedan\e8b2a639dbef86c7c9d5dfdabd62b7e9.jpg,family sedan,2
data\raw\family sedan\eca1ad78694740c1f389583c7377b189.jpg,family sedan,6
data\raw\family sedan\ed0403745ed7d5775b7365ddad6bce79.jpg,family sedan,6
data\raw\family sedan\eeedf5944ae9536de334f0808d3a3333.jpg,family sedan,6
data\raw\family sedan\efb1117eae2b3f383fe5b0593a59f38d.jpg,family sedan,6
data\raw\family sedan\f0fc9261b8f9ab02a59700cb2878c612.jpg,family sedan,6
data\raw\family sedan\f1696229751ec4a8850da67219e92000.jpg,family sedan,6
data\raw\family sedan\f223428c3a7e5645eabaf8e3e9e88562.jpg,family sedan,2
data\raw\family sedan\f4b1bffc87a76cab50cca03e33de8047.jpg,family sedan,6
data\raw\family sedan\fa575708ee08dc48adc15e504a2989a6.jpg,family sedan,6
data\raw\family sedan\fa762867b5684246f86cf933ea408c46.jpg,family sedan,6
data\raw\family sedan\fce30b9b900884983c2ec35c6a3fef61.jpg,family sedan,6
data\raw\family sedan\fea59c297642d496b4f60a375aa65839.jpg,family sedan,6
data\raw\fire engine\01fb2fd802b56ca6c39078adcc40324b.jpg,fire engine,3
data\raw\fire engine\03cdaceb0048ebd0387f525e87609753.jpg,fire engine,0
data\raw\fire engine\069fa11ff5c0af0f38097fe3b9684220.jpg,fire engine,4
data\raw\fire engine\082e2706154f05d8a45dd804150f9117.jpg,fire engine,4
data\raw\fire engine\08d3a9b8579d108d0a310420033bbf42.jpg,fire engine,4
data\raw\fire engine\091648686d5d5ab4f5f9cd2ab65233fe.jpg,fire engine,3
data\raw\fire engine\0940267aa76419d4ddf23ec4833d21af.jpg,fire engine,6
data\raw\fire engine\0bd6dbd1c72c27ec4b4169cfedddd781.jpg,fire engine,4
data\raw\fire engine\0db3c0edf8dc55050cb7e0f2f43c1004.jpg,fire engine,3
data\raw\fire engine\0ef96df14ec6ae52a52a8d0c78130bfc.jpg,fire engine,4
data\raw\fire engine\13905e1c7bdb0353451b64a114f3ceeb.jpg,fire engine,4
data\raw\fire engine\190d2e2c69050ca618a0c38387e64c95.jpg,fire engine,4
data\raw\fire engine\1c2cde88860fdc2a4a05e41d2abc0c68.jpg,fire engine,4
data\raw\fire engine\1cfeedc2f261318beecb8048d607143e.jpg,fire engine,3
data\raw\fire engine\1db31f093add01038cf09e4811cb51af.jpg,fire engine,4
data\raw\fire engine\1e383d82f42820f241ee84a4b3aa6ea5.jpg,fire engine,3
data\raw\fire engine\1fa645226d013951a1dfabb5f577d68d.jpg,fire engine,4
data\raw\fire engine\20af870c810bc5377e8480de03965877.jpg,fire engine,3
data\raw\fire engine\23da6d3292d5138ac960d99ed68956c4.jpg,fire engine,4
data\raw\fire engine\26ab7bdee21e64adf6e0ecde3654985c.jpg,fire engine,4
data\raw\fire engine\27f8ef5b148510c06c1f90cb8815a534.jpg,fire engine,1
data\raw\fire engine\28bda0d429ecb99a05ba3f3a6a701829.jpg,fire engine,3
data\raw\fire engine\2ab8a022d793a10cd2f3b59442bed8f5.jpg,fire engine,4
data\raw\fire engine\2bf2a9d3240decd4c5cd3743db036614.jpg,fire engine,3
data\raw\fire engine\313612138dd34c4dd5278ed2fa3d6994.jpg,fire engine,3
data\raw\fire engine\327e2318b3819499b3957071f079eed6.jpg,fire engine,3
data\raw\fire engine\3313dfd244eb87dc20eefdbc57c2ba98.jpg,fire engine,3
data\raw\fire engine\33a37fba955afd311ad60ea96acd0da8.jpg,fire engine,2
data\raw\fire engine\33f5969802716f688a9d905649bb6ab2.jpg,fire engine,0
data\raw\fire engine\34b08a4e367dea2b8be52e64768f9030.jpg,fire engine,4
data\raw\fire engine\379805f61b01cec1a8ca6c65d81d404a.jpg,fire engine,3
data\raw\fire engine\380a368e2722f553652d9b4d1d2b5876.jpg,fire engine,3
data\raw\fire engine\3bb4287f47eba536d88e47512a54b6db.jpg,fire engine,4
data\raw\fire engine\3cf39f1e70d9a5057e939f537816810d.jpg,fire engine,4
data\raw\fire engine\43f32ff41c97f09c2a5cfd912fd8433e.jpg,fire engine,3
data\raw\fire engine\46eebc242adb1d74f8c04eb94388a001.jpg,fire engine,4
data\raw\fire engine\470a24d8739752645dead12350fcff16.jpg,fire engine,2
data\raw\fire engine\4c8859e810ee3f19d90a7aab612d122b.jpg,fire engine,3
data\raw\fire engine\51e67bdba5b3bc113edd33c4a6b7ac29.jpg,fire engine,3
data\raw\fire engine\564dc9f4e609531f9ef12ae1e780efe2.jpg,fire engine,4
data\raw\fire engine\5798d4d0be504751f5f6fa13219d47a1.jpg,fire engine,3
data\raw\fire engine\580954921e643adc016e2dc27f81db23.jpg,fire engine,3
data\raw\fire engine\59d24ebba19d309704f670f8187d380c.jpg,fire engine,4
data\raw\fire engine\5aa912b8235299dc31c90a83617e61cd.jpg,fire engine,4
data\raw\fire engine\5bb3d56e33ab4c32796346df101a7800.jpg,fire engine,4
data\raw\fire engine\5e8b5132f84ddad0b0bf51d7d7beed96.jpg,fire engine,3
data\raw\fire engine\5f6b22a121510bd0ecb18f5688b11cfe.jpg,fire engine,3
data\raw\fire engine\614395754ace7fd94e878125de0d20b4.jpg,fire engine,0
data\raw\fire engine\633b185163092cdb72b53b0cd949aed9.jpg,fire engine,4
data\raw\fire engine\635c4e08dc7fb8a60335d6a2d1d121bb.jpg,fire engine,3
data\raw\fire engine\653d5c6d656fe812d07e9cc4d8500636.jpg,fire engine,3
data\raw\fire engine\656710b8c9bc3c59013ea5762a83c2b1.jpg,fire engine,3
data\raw\fire engine\66782ddba6ebc24e6845880c8af7ce22.jpg,fire engine,4
data\raw\fire engine\6b917bd4f94997ffe4ba714aa28b1ca5.jpg,fire engine,4
data\raw\fire engine\6d495652d0aa2512ae5f5b79557c390b.jpg,fire engine,3
data\raw\fire engine\6d4aed049880bd5af8f27c4429dbb496.jpg,fire engine,2
data\raw\fire engine\6d6153c345d0cf1ca78ec6b19e7096ec.jpg,fire engine,3
data\raw\fire engine\6e5f761fb15f77c4ed021235829a6837.jpg,fire engine,3
data\raw\fire engine\70e08e67add58087463b185d43943774.jpg,fire engine,3
data\raw\fire engine\723de0591b2b8e51518e4315e76abe07.jpg,fire engine,3
data\raw\fire engine\730e67e0ef0fe425583dd96f0d9996a5.jpg,fire engine,3
data\raw\fire engine\73276c8a0a786b670fde2b6d021fa892.jpg,fire engine,3
data\raw\fire engine\75507cccdc762ded2bf556f3e0833390.jpg,fire engine,4
data\raw\fire engine\75f9093ff497fb5990c7c616be6f4625.jpg,fire engine,3
data\raw\fire engine\76e5571e13dbe50321f2058a13b00353.jpg,fire engine,4
data\raw\fire engine\7c26958a1e785eb2df409ce504e79b09.jpg,fire engine,3
data\raw\fire engine\8136582edc997274acda791a7cda2733.jpg,fire engine,2
data\raw\fire engine\822cc4a65538b570c8178a332c22dcbc.jpg,fire engine,3
data\raw\fire engine\82407243e4694e29fea65623d82907d5.jpg,fire engine,3
data\raw\fire engine\8248bd6fd0badefa57628808358c2f62.jpg,fire engine,4
data\raw\fire engine\8ac50d2d8c77f2ae9e72f4d94d586248.jpg,fire engine,3
data\raw\fire engine\8b50df871b44a9d6039059dfcafdc401.jpg,fire engine,3
data\raw\fire engine\8d5360f90798651890ff72c24bf78686.jpg,fire engine,4
data\raw\fire engine\8eeef92b0623d4e648304c4939a16af4.jpg,fire engine,3
data\raw\fire engine\8fad7fbe0f26b1a7c4b92e47572f3ff4.jpg,fire engine,3
data\raw\fire engine\90f7ae3625e584a820a61e476eb613f8.jpg,fire engine,3
data\raw\fire engine\927302f96302617552b46d28e26938b3.jpg,fire engine,3
data\raw\fire engine\93c45bc541b2211a705ec8a6a7bda892.jpg,fire engine,3
data\raw\fire engine\953cf8d53950ed87b744566f2829402b.jpg,fire engine,3
data\raw\fire engine\958d0101254bf6a5fd3c621ca5d756ca.jpg,fire engine,3
data\raw\fire engine\95c6d33ad9db5a6dd7f3843deeaf38d8.jpg,fire engine,3
data\raw\fire engine\99053ba4d190e77522581b52c75351e9.jpg,fire engine,6
data\raw\fire engine\9cc70da129d3625da716439e9b549dd3.jpg,fire engine,3
data\raw\fire engine\9d52efb81cd4c2f8ab664d2ff509b9f1.jpg,fire engine,3
data\raw\fire engine\9dd147d1dba18187cf06cce1cc4a30ae.jpg,fire engine,4
data\raw\fire engine\9f85854ab33984912f6cb520de3d87a1.jpg,fire engine,6
data\raw\fire engine\a0640131f6666b1f74a2d793622dd975.jpg,fire engine,4
data\raw\fire engine\a16513bca044656edba0c5818251c4a1.jpg,fire engine,4
data\raw\fire engine\a1828b81c3ffae0ace059bee6d9b70a1.jpg,fire engine,3
data\raw\fire engine\a18be7f0f8b2c5e9de6c79ef0c308793.jpg,fire engine,3
data\raw\fire engine\a3198d9771fc2ce5a8138d9077137baa.jpg,fire engine,1
data\raw\fire engine\a497cae8351575045ecc497eb9271480.jpg,fire engine,3
data\raw\fire engine\a5556ba1eab020a409f14cb6eb38073e.jpg,fire engine,3
data\raw\fire engine\a5de04de4e63ed64c598b0d8516cd071.jpg,fire engine,3
data\raw\fire engine\a80724d9f277eafea232e96ab815f37a.jpg,fire engine,4
data\raw\fire engine\aa96bc4dae510c14f83a439faf7a922c.jpg,fire engine,3
data\raw\fire engine\ab8f21ab9a484dff6a529b59942d6ece.jpg,fire engine,2
data\raw\fire engine\af18bb44cbdc5fdff5ddce4e97102bf1.jpg,fire engine,3
data\raw\fire engine\b34f850c68410fd4ccdff20b56d5b429.jpg,fire engine,3
data\raw\fire engine\b402789cdc64539d8ba5a160d334bb40.jpg,fire engine,4
data\raw\fire engine\b42183c82a802100eb39fd558a851ffa.jpg,fire engine,3
data\raw\fire engine\b4623d66cac58b708e5daf69ab9a855a.jpg,fire engine,4
data\raw\fire engine\b4ad47ba535055e0acbb7dd6d2e61df4.jpg,fire engine,4
data\raw\fire engine\b71d87cfe40b6b7fe1d0682cd7f9d23b.jpg,fire engine,3
data\raw\fire engine\b75c49784900e416061db5d556284974.jpg,fire engine,3
data\raw\fire engine\ba0da7b273f5b960cbc9d3e4cc07db28.jpg,fire engine,3
data\raw\fire engine\bdf96930267f6490b636168a0af584fb.jpg,fire engine,2
data\raw\fire engine\c0aa77bca3f2ea17bbf1ead10bc17fcf.jpg,fire engine,4
data\raw\fire engine\c1330de3bdf732a4d45d8148016e9376.jpg,fire engine,3
data\raw\fire engine\c44972bd3e949e6ea37bca703b7357ca.jpg,fire engine,4
data\raw\fire engine\c8261770e7b937792c8cbe5153f3b424.jpg,fire engine,4
data\raw\fire engine\c9707e276ab435cbc329586909588b9a.jpg,fire engine,4
data\raw\fire engine\cfdf0f17fcbed7d49f4748aeb662e2be.jpg,fire engine,4
data\raw\fire engine\cff6cd393da310eeda70cc95556225b2.jpg,fire engine,4
data\raw\fire engine\d039c545c43cc5a984723e53edebc3d9.jpg,fire engine,4
data\raw\fire engine\d55a128685ea1259973df1f8919f0e1d.jpg,fire engine,4
data\raw\fire engine\d63f1ab44a12571a13d45fa3b5329aa0.jpg,fire engine,4
data\raw\fire engine\d68f3cbeb6ca3294b212665ebe0ff4af.jpg,fire engine,3
data\raw\fire engine\da9abbe190e441d2730bb0d35aac081c.jpg,fire engine,3
data\raw\fire engine\dc8a6a8e33811aa2c266e98c76d91e3d.jpg,fire engine,2
data\raw\fire engine\ddfc90c92db0b5541b5f168872be2c77.jpg,fire engine,4
data\raw\fire engine\de5a484507935f0613f7ff7e758090b8.jpg,fire engine,4
data\raw\fire engine\dee95264263e4a5d7aa65c8a1932eb5a.jpg,fire engine,4
data\raw\fire engine\df6d0f9dfe9bf6544296414419ce5171.jpg,fire engine,4
data\raw\fire engine\e0d43d774f1269c4b0e30d69dfe5ceb8.jpg,fire engine,4
data\raw\fire engine\e1d1ebd92d4efe65f7ebb3cb66f9c9a1.jpg,fire engine,4
data\raw\fire engine\e46f5349b1326e0699f2c83ca68ac7f4.jpg,fire engine,2
data\raw\fire engine\e4ded55b8f3b4f9a9648eea000201c34.jpg,fire engine,4
data\raw\fire engine\e7ee1c91d254e6c8bc398d609fb73bc0.jpg,fire engine,1
data\raw\fire engine\eaa35a7a82143d12792b53906aeeabbf.jpg,fire engine,4
data\raw\fire engine\edc08cbbc361a1d8bf5f512ac6b03faf.jpg,fire engine,3
data\raw\fire engine\ee2d1a8e6655713082bc9b7b4801e656.jpg,fire engine,3
data\raw\fire engine\f03bf5d26c4fc03a4132692f18d9864c.jpg,fire engine,3
data\raw\fire engine\f153ac8e3b30bac8620d9eee225d2e30.jpg,fire engine,6
data\raw\fire engine\f279f2c0182f914622a6f8c349d4009d.jpg,fire engine,4
data\raw\fire engine\f3c0d12c7b5b8462f6ad93d1cb1200f1.jpg,fire engine,3
data\raw\fire engine\f4e8ee10bbf8b681932d3cfae5672235.jpg,fire engine,4
data\raw\fire engine\f5067aaf1632973f0efa751e5556dc0a.jpg,fire engine,3
data\raw\fire engine\fb8688482e8367cc1b09e1e8ce3c7167.jpg,fire engine,3
data\raw\fire engine\fdcabc9dc7280c85a8b41b88e6673993.jpg,fire engine,3
data\raw\heavy truck\014e01224e88abb52851cce801c7db0a.jpg,heavy truck,2
data\raw\heavy truck\01a33e205d7424ddb235c4f1729e8680.jpg,heavy truck,3
data\raw\heavy truck\0535a5f3debb3452451fd21a104545d3.jpg,heavy truck,1
data\raw\heavy truck\065d6a932cf35e8806223df414e207d3.jpg,heavy truck,2
data\raw\heavy truck\08ee47fa1b9cf3f8b14d94940eeb116f.jpg,heavy truck,4
data\raw\heavy truck\0ae81c7a93308563a19c220f7c9a670e.jpg,heavy truck,3
data\raw\heavy truck\110b9a732e83452103ce843c1bca717d.jpg,heavy truck,4
data\raw\heavy truck\117a3353eb3d6d3340c7ecf6bd7fa186.jpg,heavy truck,2
data\raw\heavy truck\139164717918f038b3bb50355a07c18b.jpg,heavy truck,2
data\raw\heavy truck\1407b6745a7a4e86f6177bfee515da78.jpg,heavy truck,4
data\raw\heavy truck\17995d5e0d1082924973e34d352d8830.jpg,heavy truck,4
data\raw\heavy truck\19ed5d97e58278bbe129bb0dd7fa01ca.jpg,heavy truck,2
data\raw\heavy truck\1ab1829c065ddec4798d28ffa3934f93.jpg,heavy truck,3
data\raw\heavy truck\1f8a86b39f81d12586f1df62ea595eda.jpg,heavy truck,3
data\raw\heavy truck\20c9064ed4d0b7407ff9a0f74e0af2be.jpg,heavy truck,4
data\raw\heavy truck\2322e7c165c0de9b95a20c605eab71c4.jpg,heavy truck,2
data\raw\heavy truck\255bcc32fdee38c8e53ee5c86ce68d0e.jpg,heavy truck,1
data\raw\heavy truck\266e379ee87392528b93dde338d8addb.jpg,heavy truck,3
data\raw\heavy truck\26f4fcb780686d04202f087120965d61.jpg,heavy truck,3
data\raw\heavy truck\26f796b38ad12bc76836b7dccbf3a0ac.jpg,heavy truck,4
data\raw\heavy truck\2c3104a65e2d6942bcda10e91bc25bf0.jpg,heavy truck,3
data\raw\heavy truck\2c6aab06eb4266f2cf20ce145bfc8612.jpg,heavy truck,3
data\raw\heavy truck\309fa8b48cec73897994885010d92d2a.jpg,heavy truck,4
data\raw\heavy truck\315517020857919cdc17c021414c14ec.jpg,heavy truck,4
data\raw\heavy truck\3629388d9353890b54eedcf8b15b164e.jpg,heavy truck,4
data\raw\heavy truck\370b9e16c9cbb7bb07fa63df208ee6cb.jpg,heavy truck,2
data\raw\heavy truck\3ab0435885da101f28197452d7b6ba23.jpg,heavy truck,2
data\raw\heavy truck\3d6957daf8fdba869dd67f4d37871667.jpg,heavy truck,3
data\raw\heavy truck\3e6c702cc0245b679c0d899e192003c8.jpg,heavy truck,4
data\raw\heavy truck\3ea7eb641f6c8996fa2898ba96ecb722.jpg,heavy truck,2
data\raw\heavy truck\40462b24945945d1dd4bc9cefaa36542.jpg,heavy truck,4
data\raw\heavy truck\4df34ed2086a6ceeb032d3236a79029f.jpg,heavy truck,3
data\raw\heavy truck\4e3c3a8cda30bc9988365594a8020070.jpg,heavy truck,3
data\raw\heavy truck\514ef7fb3f18782405f1cb54c6042d44.jpg,heavy truck,4
data\raw\heavy truck\5578877b2fd4df3bd4623a2a297357ea.jpg,heavy truck,3
data\raw\heavy truck\56f6648cf32997b4d983af926d7ea300.jpg,heavy truck,4
data\raw\heavy truck\58863b929e7d898937434287cb7484b2.jpg,heavy truck,3
data\raw\heavy truck\595b24a7c1f296ef4f231e5764fcb072.jpg,heavy truck,4
data\raw\heavy truck\5a731a4fd4e5b7c7ccb3a84ea0a343d5.jpg,heavy truck,3
data\raw\heavy truck\5ad69000bb1506b1893f01ead3019a17.jpg,heavy truck,3
data\raw\heavy truck\5b9dad9c5778b72e92bde2e3bc231265.jpg,heavy truck,2
data\raw\heavy truck\5cf8a7a33a9d1b8e6f8f76c206c4f7a0.jpg,heavy truck,3
data\raw\heavy truck\5d53c9e0d51550eadeb0a8df2b9d0b2a.jpg,heavy truck,3
data\raw\heavy truck\5d69dc0e741675deb69a114193249d88.jpg,heavy truck,4
data\raw\heavy truck\5d76c11621b8654cd93f945ceb0c6cc0.jpg,heavy truck,3
data\raw\heavy truck\5e877047bbd522d9c7b32b6b240d4f3a.jpg,heavy truck,3
data\raw\heavy truck\5f11aaa2103647a911cb872344adc105.jpg,heavy truck,4
data\raw\heavy truck\6275a34016fe0885ce8a6d10950b0712.jpg,heavy truck,3
data\raw\heavy truck\65bfdf2314d45b4e77a5eedbf362aad0.jpg,heavy truck,3
data\raw\heavy truck\67170c6aa24f429d4db379ca21f8ee67.jpg,heavy truck,3
data\raw\heavy truck\67ef2440c183f49b6491e28fb34f692b.jpg,heavy truck,2
data\raw\heavy truck\68bad82c92afc74117582270ba94c9f9.jpg,heavy truck,3
data\raw\heavy truck\699800fd6a1d0401afdd24da2fec8562.jpg,heavy truck,4
data\raw\heavy truck\69c260fd8d2a5a1b27ca4e094d8cf81e.jpg,heavy truck,3
data\raw\heavy truck\69e8b7c628ce8320cbc4e16f8e9a53a9.jpg,heavy truck,3
data\raw\heavy truck\6b30f58f351c1ba0c587976e3b035b99.jpg,heavy truck,2
data\raw\heavy truck\6c2592fbfd679907364e70b282d23d89.jpg,heavy truck,4
data\raw\heavy truck\6c9d9f4ac9a2dfaa0f6c3f276bbe0335.jpg,heavy truck,4
data\raw\heavy truck\6cf4b8fff0f15c35c394451f898d015a.jpg,heavy truck,4
data\raw\heavy truck\700fcb1f54f266b4237ee269e418e728.jpg,heavy truck,4
data\raw\heavy truck\7158a0ef2af79fa870f6099c62bcc95f.jpg,heavy truck,3
data\raw\heavy truck\7336e56d47bd5ff314c47e5571b3d8ab.jpg,heavy truck,4
data\raw\heavy truck\775e23b6d929bf93c54960b6b5bf8cd1.jpg,heavy truck,2
data\raw\heavy truck\7cced7f9e443c2f3b6100134acaf90b0.jpg,heavy truck,2
data\raw\heavy truck\831ef0f24c85f02992af45c33a46e2fa.jpg,heavy truck,4
data\raw\heavy truck\838c0803b9219af5c8e4f54cd5439bd6.jpg,heavy truck,4
data\raw\heavy truck\844c06269c195c4e073cdafcc7d6f777.jpg,heavy truck,4
data\raw\heavy truck\8790558346b4e109fd103b62ea7d4300.jpg,heavy truck,4
data\raw\heavy truck\8793472d0fa5379018959be72ae43dd5.jpg,heavy truck,3
data\raw\heavy truck\87b4bf298d849c207abed9ee13f9cfe2.jpg,heavy truck,3
data\raw\heavy truck\8864c9be92cb9041fe3ff65d151152cb.jpg,heavy truck,2
data\raw\heavy truck\8b9e1adb8e823a5f93ee96959b1687bb.jpg,heavy truck,4
data\raw\heavy truck\8dd17944f072f1811b91dfe7551348e9.jpg,heavy truck,4
data\raw\heavy truck\916a67a8fd7b594b5cb59b6d37c3eab0.jpg,heavy truck,3
data\raw\heavy truck\922d5cae315378a918f3992a44404d52.jpg,heavy truck,4
data\raw\heavy truck\92b9cb4a7a21238c8dd8d0761b6c24d6.jpg,heavy truck,3
data\raw\heavy truck\952b36375053c3773941417ca0969eb2.jpg,heavy truck,2
data\raw\heavy truck\9a440d8ddd616e2e3e3d67c972fa5dd6.jpg,heavy truck,4
data\raw\heavy truck\9afa0680646256d41784223b8f26aeba.jpg,heavy truck,3
data\raw\heavy truck\9c5f6cf1798dc4aa638b1491fdb4295b.jpg,heavy truck,4
data\raw\heavy truck\a33aa65ca70455ae886ced050a8b099b.jpg,heavy truck,2
data\raw\heavy truck\a44e76c570610c8d5020c5f5234713cc.jpg,heavy truck,3
data\raw\heavy truck\a894b31baedb984f9085f4395673c4b4.jpg,heavy truck,3
data\raw\heavy truck\a95b080e1e6c62803f2c18c8874647d4.jpg,heavy truck,3
data\raw\heavy truck\aa950836b1e75f319c70ca17e6a569c1.jpg,heavy truck,2
data\raw\heavy truck\aad3c3ee7dd767662d95490251a7bc54.jpg,heavy truck,4
data\raw\heavy truck\aafe656012d9be010abd4f4a565fb19f.jpg,heavy truck,2
data\raw\heavy truck\ab6a24e9c29d2a55b67fb25360e88787.jpg,heavy truck,2
data\raw\heavy truck\ac2470aaf28c9f221ddcfaaa3849b3f7.jpg,heavy truck,2
data\raw\heavy truck\ac574addaf9972ebf2586b4e89929826.jpg,heavy truck,3
data\raw\heavy truck\ae56ce991894003709d83025a676fc50.jpg,heavy truck,3
data\raw\heavy truck\aec141f38eb64db851f59ffbf6f11eeb.jpg,heavy truck,3
data\raw\heavy truck\af131bc4f6e6594ac8228b694c3441fb.jpg,heavy truck,4
data\raw\heavy truck\af420a1b043c40d8ed2c6c715dd8f5de.jpg,heavy truck,4
data\raw\heavy truck\b0853c72957b7fdf13281260a446338d.jpg,heavy truck,4
data\raw\heavy truck\b4fe372ef36790af377dd22ee2a6780c.jpg,heavy truck,3
data\raw\heavy truck\b6f8c13ab04b4d4ab402bea0a6926d1c.jpg,heavy truck,2
data\raw\heavy truck\ba95ca823cab980d96cbf1c8e50dd127.jpg,heavy truck,4
data\raw\heavy truck\bb1dc13bf9f4c5d4fe2fad9809a31cab.jpg,heavy truck,4
data\raw\heavy truck\bb328da05b3872ebffe82163d7055ccd.jpg,heavy truck,4
data\raw\heavy truck\bb9606f5488b3c3ecb218355d555c44c.jpg,heavy truck,3
data\raw\heavy truck\bcaf6e1620301e3114fee79d10a927b4.jpg,heavy truck,3
data\raw\heavy truck\bd35a9eebb1d4176191d714c825fffab.jpg,heavy truck,3
data\raw\heavy truck\bda67fe871cf98fcdb2dbeda9fd59a89.jpg,heavy truck,4
data\raw\heavy truck\bf5661a496fa0fc230402aca982d607c.jpg,heavy truck,3
data\raw\heavy truck\c0792eb3585738a44e2c1a8ea3b158e5.jpg,heavy truck,4
data\raw\heavy truck\c16060aa3164422278104cf19b4bf248.jpg,heavy truck,4
data\raw\heavy truck\c2a4c64bd95895ec3b6ef897e47f7671.jpg,heavy truck,4
data\raw\heavy truck\c40eecfeb223e00d10e2ab5c8cea7249.jpg,heavy truck,2
data\raw\heavy truck\c427a230b9e83ebd8a10081df059f079.jpg,heavy truck,4
data\raw\heavy truck\c549082e6349298b277b8e3b25e06b66.jpg,heavy truck,3
data\raw\heavy truck\c5a6b07beb0c4551cbf5bad8b169a03a.jpg,heavy truck,2
data\raw\heavy truck\c6fbb6562ce4572ffc473a1bbf5573be.jpg,heavy truck,3
data\raw\heavy truck\c7092611e1ec56a3ba09209a90f1c2a1.jpg,heavy truck,4
data\raw\heavy truck\c993c925727803b9f234dca369cd2e6b.jpg,heavy truck,3
data\raw\heavy truck\ca05cd53a979a7f5664bd681b93d4bd9.jpg,heavy truck,3
data\raw\heavy truck\cc25045a71dee02c17ced11e8b2e5eaf.jpg,heavy truck,3
data\raw\heavy truck\d15bb25d4d5d82b48b20cfe1ff809320.jpg,heavy truck,3
data\raw\heavy truck\d1aaa3772db3e720a16217b2f2ce8ced.jpg,heavy truck,4
data\raw\heavy truck\d21c30549e26ce9e0c442f3ac72322bb.jpg,heavy truck,4
data\raw\heavy truck\d5018acbad43def566fe70b7dc64e546.jpg,heavy truck,2
data\raw\heavy truck\d664a91af89ab2546769ddb23c8a9f8e.jpg,heavy truck,3
data\raw\heavy truck\d9a114cff64a33a0483b5e2deede7e6c.jpg,heavy truck,4
data\raw\heavy truck\daa31ed74870f0ef11a76e7ce5d2a2ae.jpg,heavy truck,3
data\raw\heavy truck\de3b649a66ebf451835f55bbb44f4662.jpg,heavy truck,4
data\raw\heavy truck\df0f852d442504c92ecceba77b8ca494.jpg,heavy truck,4
data\raw\heavy truck\df80b1e200865b50ddcf924048274a44.jpg,heavy truck,4
data\raw\heavy truck\e0fd38bb63913b16e767053016ba1b0d.jpg,heavy truck,4
data\raw\heavy truck\e5c6063e645cc90c3b6807729ce23f4d.jpg,heavy truck,2
data\raw\heavy truck\e96872f0ccadce8346a2098632f58f25.jpg,heavy truck,3
data\raw\heavy truck\ea10c8b0ab355a2abff5684c94458f68.jpg,heavy truck,3
data\raw\heavy truck\eafa5ee3a002ee9d98cdd4bb03ced9a0.jpg,heavy truck,3
data\raw\heavy truck\ebfa62f8b6760df69fd22415003c2598.jpg,heavy truck,3
data\raw\heavy truck\eed6b3772e3bc3f38d2aa6df7a460a1b.jpg,heavy truck,3
data\raw\heavy truck\f20637ab62d6d743465e5c37394662d5.jpg,heavy truck,2
data\raw\heavy truck\f6d4d6e833d0614f8b08cbfe47c714fc.jpg,heavy truck,4
data\raw\heavy truck\f9a6962a7008463e9e21e873632398cd.jpg,heavy truck,2
data\raw\heavy truck\fa0341be261e556686bc543e2a858291.jpg,heavy truck,3
data\raw\heavy truck\fafb9cecd4c4989728055a2ee797bf8a.jpg,heavy truck,2
data\raw\heavy truck\fc5f6a3bc372df47d5140647eb6d56cd.jpg,heavy truck,2
data\raw\jeep\004da428af4c7436b5f1caa2d06fe2c5.jpg,jeep,3
data\raw\jeep\00c47631aae05108859a5a3e5dc9661c.jpg,jeep,3
data\raw\jeep\068a835ccf5905393f79c0146ff37c95.jpg,jeep,3
data\raw\jeep\0761787fcf29e572f563ddfffc295838.jpg,jeep,6
data\raw\jeep\0a5ba89747160a7b60f41c4efddd23c5.jpg,jeep,6
data\raw\jeep\0cfab9efcd38783dedbb8b98c012556c.jpg,jeep,3
data\raw\jeep\0de9a280994043e107e3ba21b8673364.jpg,jeep,3
data\raw\jeep\13fa4f23768bf347bef4efa625af15f0.jpg,jeep,6
data\raw\jeep\15a72c095b3ed6f1912f4f9a81654246.jpg,jeep,6
data\raw\jeep\16fcaffef6819c7b791d39e783c57b45.jpg,jeep,3
data\raw\jeep\1835effc53df65ceb0cac2250d0698eb.jpg,jeep,3
data\raw\jeep\1938e953741d914489ae34ba60bdc05d.jpg,jeep,3
data\raw\jeep\193fbdaa04e3ed654ce057717868a828.jpg,jeep,3
data\raw\jeep\1c2373d8edde62664d1382022fcfedb0.jpg,jeep,1
data\raw\jeep\1cfa9673ddb6152b25fe8f48fcaabcf5.jpg,jeep,1
data\raw\jeep\1e162aa533fde4913693d9a30e8c065a.jpg,jeep,3
data\raw\jeep\1f6634311a7a3cad4f6585559f3aad1b.jpg,jeep,3
data\raw\jeep\210f79c442525a6151c8497de3b6c4ca.jpg,jeep,1
data\raw\jeep\225babcae5caf6add60a142425c5e988.jpg,jeep,3
data\raw\jeep\292a770a72054bd8f28477f0dc920737.jpg,jeep,3
data\raw\jeep\2eaa2b685d5dc9700e35a69ec3889986.jpg,jeep,2
data\raw\jeep\2fd7658532a5d55870a0e438f9f35916.jpg,jeep,6
data\raw\jeep\32668c24fcd2f1fa6e1beaed14559683.jpg,jeep,3
data\raw\jeep\348ff6ae1878e3fc7db2bfa06e44707d.jpg,jeep,6
data\raw\jeep\34c3e1097bafb1573717d7e2292724ae.jpg,jeep,3
data\raw\jeep\35d7214c312c1ad1a05a667c0c6ff1dd.jpg,jeep,6
data\raw\jeep\37083b94b2639eed0b5a9e29023e651d.jpg,jeep,3
data\raw\jeep\3b3ed43c2414dbfd9dd5ecaa335e2ef8.jpg,jeep,3
data\raw\jeep\3bd0abca49decaafdbc51e1be9f60a22.jpg,jeep,3
data\raw\jeep\3e76ecaaf0d6346a6ee1183270a36452.jpg,jeep,3
data\raw\jeep\423a6a21c8809457304d69f135503431.jpg,jeep,1
data\raw\jeep\47d624093d2de8322ae833336c44d7e9.jpg,jeep,3
data\raw\jeep\48cc5bca242d5e010a781ea2da8f0c3f.jpg,jeep,3
data\raw\jeep\498259036a9f5b79e579c35dc2a9af77.jpg,jeep,3
data\raw\jeep\4a10e8e44c323295376bee78245e53b7.jpg,jeep,3
data\raw\jeep\4d530ffdc3923f48bd8503c00f4267f5.jpg,jeep,2
data\raw\jeep\4e357a9330f1b4a2ba373735f04af286.jpg,jeep,6
data\raw\jeep\4ebe966063b5c7815c1bde8127e20466.jpg,jeep,1
data\raw\jeep\4f7b9fe4f79f9e90ad093f2cf35505f5.jpg,jeep,2
data\raw\jeep\4fa65ced8fbfa7e1b5dd1936e1fe8476.jpg,jeep,2
data\raw\jeep\5114469186b92163c9cae94c06ef51a3.jpg,jeep,3
data\raw\jeep\52ed2f9f0975bf05849a6b9dee551306.jpg,jeep,3
data\raw\jeep\53325ec12180c214ea87103c1b2a1565.jpg,jeep,1
data\raw\jeep\580b160b9f9bce5532e75ba8194c50da.jpg,jeep,3
data\raw\jeep\5b616e716b730dceb77b6c01213b34b2.jpg,jeep,6
data\raw\jeep\5d151120d18a6962bc9ae3d295671e39.jpg,jeep,6
data\raw\jeep\618e2fa0ee1ef73b9df0311a389a7ac8.jpg,jeep,3
data\raw\jeep\645dc300edf44601a8e1e94d93ac9e11.jpg,jeep,6
data\raw\jeep\64ca6ca00a8fc26889c371f35424b618.jpg,jeep,6
data\raw\jeep\658d2b0cbaa62229275935bf5161c0a3.jpg,jeep,3
data\raw\jeep\668ed9ea74b83d24dbadd56e839e332b.jpg,jeep,2
data\raw\jeep\66dd4358396640002e0e01cd47d22549.jpg,jeep,6
data\raw\jeep\68f1815b19b276ab441e954043302a60.jpg,jeep,3
data\raw\jeep\69dabb23e64058602b5cc47fd3b03208.jpg,jeep,3
data\raw\jeep\715dea58b4b2ebc219d27db1790f14df.jpg,jeep,6
data\raw\jeep\728c114cb3ede2cc003e48de26735567.jpg,jeep,3
data\raw\jeep\738055994fdc0134ce946663649146d7.jpg,jeep,3
data\raw\jeep\7a0b6bb1e37c89326974533cfce31040.jpg,jeep,6
data\raw\jeep\7ddc19e50a2abf8d30aaefe89e17cbcc.jpg,jeep,3
data\raw\jeep\817408c73a9a3f8bf5d77bc2f9263221.jpg,jeep,0
data\raw\jeep\8232734cd83e1c056116f49ae16fdd61.jpg,jeep,3
data\raw\jeep\87b0ce90493f0e1b327a94838bed9dca.jpg,jeep,3
data\raw\jeep\8841670b972abaffee021f7306c15d4a.jpg,jeep,3
data\raw\jeep\886f5e148a2628d01585b1658011eb46.jpg,jeep,6
data\raw\jeep\889ce16884d5a46d1b5df40972e50741.jpg,jeep,3
data\raw\jeep\8a9c5de71a213cc2d67d5bd3e3b4444b.jpg,jeep,3
data\raw\jeep\8d5fc6551fbd485f33057ff254c6a13e.jpg,jeep,2
data\raw\jeep\8da0a38e96a00266f78b0ca15e226fb5.jpg,jeep,2
data\raw\jeep\8e2ddcd98694b29d634fc041f503f2a7.jpg,jeep,6
data\raw\jeep\8efa9c5576ccb141faa6efbc290f2c9a.jpg,jeep,3
data\raw\jeep\8f2f7ca636e4b3edb94a5169303dda7f.jpg,jeep,6
data\raw\jeep\904ee1990a42977bc6c090b9dca83bc3.jpg,jeep,6
data\raw\jeep\90af2e093cb4279998c653f31bbb69a8.jpg,jeep,3
data\raw\jeep\95c570ce50e77352fcc36d9adc54bf11.jpg,jeep,1
data\raw\jeep\9707c793de49886445e865084cb010fc.jpg,jeep,3
data\raw\jeep\979c0ec6e3fb82539d5d080147a12e09.jpg,jeep,6
data\raw\jeep\97b7a0997244d49c69e216a2f2f2df4c.jpg,jeep,6
data\raw\jeep\98553fde11869a47269d7c70ea3a1418.jpg,jeep,3
data\raw\jeep\9b1cbb61a6ec7cef0090472ff873526d.jpg,jeep,3
data\raw\jeep\9b7284104ced9ecdf0fdb70a471bc717.jpg,jeep,3
data\raw\jeep\a0bf356d89cf14cb343eea0f267c97eb.jpg,jeep,6
data\raw\jeep\a101d1f279737498e74d66f195aea5f4.jpg,jeep,0
data\raw\jeep\a27bba304662bad84c9280c0c0c14a7f.jpg,jeep,3
data\raw\jeep\a4fe5346586e748f0a0ea757778fe17a.jpg,jeep,3
data\raw\jeep\a747e4c2a3cc7157cc7da101b61aef88.jpg,jeep,3
data\raw\jeep\a9324c9d4b1238d0c6b40d8e1ce0d99b.jpg,jeep,1
data\raw\jeep\aa807d9df325dcc7a8bbeeba459170d4.jpg,jeep,6
data\raw\jeep\aacacd0fc0d5252a4cccba373be37878.jpg,jeep,1
data\raw\jeep\abcb98910f6b418320257d607f234d54.jpg,jeep,4
data\raw\jeep\adc1059cb65e6273e300255d012c5a3d.jpg,jeep,3
data\raw\jeep\ae4760c0a035557591118b4a3a01659f.jpg,jeep,6
data\raw\jeep\aed02b37b035f8ee4dbe2704031868dc.jpg,jeep,3
data\raw\jeep\af4cfd4aa3a8601f8507887fbff9040b.jpg,jeep,1
data\raw\jeep\af565ce09315829d0629223a309a8561.jpg,jeep,3
data\raw\jeep\afd65dd4a9bd6fd16d7b4ce57a4b53c8.jpg,jeep,2
data\raw\jeep\b0004d9a32bc1b0d86d1801190a9d43c.jpg,jeep,1
data\raw\jeep\b0504846a355041441584704e5deac0d.jpg,jeep,3
data\raw\jeep\b0a22f79cf89ec24a50015aa39ca1283.jpg,jeep,2
data\raw\jeep\b1e0fb802ec5e60f90cc38ef6c38cea9.jpg,jeep,3
data\raw\jeep\b6553b0f9de5f51daa85d19e2555dfb5.jpg,jeep,3
data\raw\jeep\b77654096929c27c8570c91b40c48e4e.jpg,jeep,1
data\raw\jeep\bdfba2f775f99d354608462c3009e4c8.jpg,jeep,1
data\raw\jeep\c44b81b6bf57e0f947b77a9fcec25784.jpg,jeep,2
data\raw\jeep\c63039ce41977eb6d53402eed1a1a9b2.jpg,jeep,6
data\raw\jeep\c653f0b4cdcb822ceabcf6d8070a434b.jpg,jeep,3
data\raw\jeep\c8349889a336cec87a8cece91fa1f0e3.jpg,jeep,1
data\raw\jeep\c873a06ccac16d93d438ab86cc7fcee4.jpg,jeep,6
data\raw\jeep\c8a209bb1196123ffd4c2d847aaaa9ee.jpg,jeep,1
data\raw\jeep\c9a6819e0276061144c98efc8b2b1944.jpg,jeep,2
data\raw\jeep\cac9edf60355f00111c4615a3ab7306c.jpg,jeep,6
data\raw\jeep\caf1d06f9bb7bc097d311546f16b119b.jpg,jeep,3
data\raw\jeep\cb3aa8c8edca68b44b8c6bd59271b950.jpg,jeep,3
data\raw\jeep\cda9f40219e11107becf1a853939cb0a.jpg,jeep,3
data\raw\jeep\cddaa79bffe5f9e90bcd6bb06cd64497.jpg,jeep,3
data\raw\jeep\ce80b36fbef345c708f1461d24b9d37d.jpg,jeep,3
data\raw\jeep\cea26cd3730982679b556aa5448d6d2e.jpg,jeep,1
data\raw\jeep\d0b8c532bd46a2409e5806ca179d75b7.jpg,jeep,3
data\raw\jeep\d5a043ab22eb0b6bcc4e2de47f82894a.jpg,jeep,3
data\raw\jeep\d5fc64b846ee61702ccdf88741ef03d3.jpg,jeep,3
data\raw\jeep\d9e8320a06f659fad8be2220b454490b.jpg,jeep,3
data\raw\jeep\dac96075a068bfa781e962ddb351bdb8.jpg,jeep,6
data\raw\jeep\dad983b990a8ea296638ed948d811d3a.jpg,jeep,2
data\raw\jeep\dc605ec3a2cf6d6dc2d0a125de5d0c2f.jpg,jeep,6
data\raw\jeep\ddc67a5f1b3a69a8cb0cba978f4777ee.jpg,jeep,6
data\raw\jeep\de9cb9765a74fb1d2e203ae0c667f21b.jpg,jeep,3
data\raw\jeep\df27615acba572f93db1899d73a9e06f.jpg,jeep,3
data\raw\jeep\e1c7d52e60fcef0f8aacddca42eec750.jpg,jeep,6
data\raw\jeep\e461e44576fc060067cb690c66405e4d.jpg,jeep,3
data\raw\jeep\e86ba439c77d93740c85f428e55d6992.jpg,jeep,3
data\raw\jeep\eacc4f2f1cd840fc2fe3aa762d55a5f5.jpg,jeep,1
data\raw\jeep\eaf5c7fc621b24fc3d2c753c07f75a44.jpg,jeep,6
data\raw\jeep\eb34936cc3684b95ce9ac360aece8890.jpg,jeep,0
data\raw\jeep\ef14ad0aa6404eafc1ae87aa26f6a8a8.jpg,jeep,3
data\raw\jeep\f285a6d970b2836982a8fb6d3a20f09d.jpg,jeep,2
data\raw\jeep\f393f9112a334002f7f484741c931d6d.jpg,jeep,3
data\raw\jeep\f8d46cb63e3240e87b9f11a285a27d90.jpg,jeep,6
data\raw\jeep\fb31c43fdb3400436f3ee8a5301fc58b.jpg,jeep,6
data\raw\jeep\fd1274a361f3796062810c99810c89cc.jpg,jeep,6
data\raw\jeep\ff3d98d7c8d3fa905b3feb01195242ce.jpg,jeep,3
data\raw\jeep\ffa7989fa81ecd5e47bffb8000a0cb93.jpg,jeep,3
data\raw\minibus\003faa520554a95d10c4f2c51d00f3e0.jpg,minibus,3
data\raw\minibus\00c84451e8bbafaeb3d051d4cbb08d0d.jpg,minibus,6
data\raw\minibus\00ea9ef10f5158d1f0aed02702603fb5.jpg,minibus,3
data\raw\minibus\018ed081713e2b8fbda1860efbac4ee8.jpg,minibus,6
data\raw\minibus\01b84dee5af2bd1d0f4be9a6de906826.jpg,minibus,3
data\raw\minibus\07608982c9afb2e606573e07da387081.jpg,minibus,2
data\raw\minibus\07a4b21eb5415d7ea5c36bc7d51887bd.jpg,minibus,6
data\raw\minibus\0ca213d716580762cd08dc3307dfd8f2.jpg,minibus,3
data\raw\minibus\0cca3a1029528d69027fb77284b64502.jpg,minibus,3
data\raw\minibus\0f9940043b754b0b6fbb70801aa862c0.jpg,minibus,6
data\raw\minibus\0fc369136f4ac7500d5734c92a38a535.jpg,minibus,2
data\raw\minibus\12ad4d2a177a71d54ada8c3b01adcefb.jpg,minibus,3
data\raw\minibus\15abf856505b05cc8bada716b08625d2.jpg,minibus,3
data\raw\minibus\163cc09904c98cc8d3becf7d2e7a8395.jpg,minibus,6
data\raw\minibus\16fcc8ab15a24f00f82b54a25a8affe1.jpg,minibus,2
data\raw\minibus\17c2c6a7f350a65ed8501dcacec43ea2.jpg,minibus,3
data\raw\minibus\1922868c3a9afedb01613a53e8c51e8f.jpg,minibus,3
data\raw\minibus\19626b042b63281678684e89d29f7ce6.jpg,minibus,6
data\raw\minibus\196a3f7d8d55cd6a7c97d4642229f6b3.jpg,minibus,2
data\raw\minibus\1b1edaed9e97f58823ef96d2b1a00fe6.jpg,minibus,6
data\raw\minibus\1cbd1b8ede5c9335c3f4ec76868520db.jpg,minibus,6
data\raw\minibus\1dfbb37def70829c02f18cc6089c8211.jpg,minibus,3
data\raw\minibus\1e8ef6d436bfed3cdc34be531ae3781a.jpg,minibus,6
data\raw\minibus\1f73837810ca546baf93d94c5d958094.jpg,minibus,6
data\raw\minibus\1f9b63cc4de9c03c9fc3a9489fa87add.jpg,minibus,6
data\raw\minibus\21ffad912b1eb5a0deec7f690747b6cb.jpg,minibus,3
data\raw\minibus\245e330b61bb0e31823bc74dc1ec0869.jpg,minibus,6
data\raw\minibus\26177e441f295fba7595e9d2a0a8ce26.jpg,minibus,3
data\raw\minibus\27d3a7628a921ef8934790d19ac903a8.jpg,minibus,2
data\raw\minibus\27de11869a725d170bca527670543299.jpg,minibus,6
data\raw\minibus\28cd2af242b729ba9175a312170c4b05.jpg,minibus,6
data\raw\minibus\29367881df42d9773c3d225a1860d9bf.jpg,minibus,3
data\raw\minibus\2b71da5cfbaebabe2e67e4226942cd5e.jpg,minibus,6
data\raw\minibus\33642868582fac132be1620690f75c8c.jpg,minibus,2
data\raw\minibus\362bee3cdd7199a75ccc0a7594274f37.jpg,minibus,6
data\raw\minibus\380d5f57cab705303063bd4b7af94918.jpg,minibus,3
data\raw\minibus\39329b8f8fd220516177aad2879d23ae.jpg,minibus,3
data\raw\minibus\39d39e37ede1a66d757ae231b056b61e.jpg,minibus,3
data\raw\minibus\3ad4ce7715248a70d2c92816fa28e40b.jpg,minibus,3
data\raw\minibus\3aede53d299bb0e8be1f22e68e6f6c57.jpg,minibus,6
data\raw\minibus\3dc7cb13d002bae57115ad46bc94e32b.jpg,minibus,3
data\raw\minibus\402f1096ac317d96aded886b716e5dff.jpg,minibus,6
data\raw\minibus\41c4563c41e049ab571cdbef5011eedf.jpg,minibus,6
data\raw\minibus\4523885642bba99e1d59fead65ab6d90.jpg,minibus,3
data\raw\minibus\47b89d8873d7b23f421ec42059977088.jpg,minibus,6
data\raw\minibus\495de91de42d5cbd59590a35a314c4cd.jpg,minibus,3
data\raw\minibus\4a1aa83c275c953b94c9b0c6c519d73f.jpg,minibus,6
data\raw\minibus\4adbb436c90c5ba0f72a0cc401f2fb02.jpg,minibus,3
data\raw\minibus\4d22138e93d59f4585ea7375ae5686d4.jpg,minibus,3
data\raw\minibus\4dd86e4a8f03b873b5134f35de08eb7f.jpg,minibus,3
data\raw\minibus\4f4aaffd6c25a167ccc0a424ba9e4f45.jpg,minibus,6
data\raw\minibus\515db37bbb1adf2a133eef97c0c78d04.jpg,minibus,2
data\raw\minibus\51bf00996f95a889356df66eaba9b400.jpg,minibus,3
data\raw\minibus\531aba97d0d492c45f87741154d986e6.jpg,minibus,3
data\raw\minibus\55b86c65fb5972e7ec82404044361be2.jpg,minibus,6
data\raw\minibus\5b2d6c615ac72afea824aa1a54f57f83.jpg,minibus,6
data\raw\minibus\5d19e038fa37a6de201cbfde2ee039a0.jpg,minibus,6
data\raw\minibus\63a812b9f11a1118f0c7b0a5b1eb06a5.jpg,minibus,6
data\raw\minibus\64be12a3a0b9e83b27207a00f970d8e3.jpg,minibus,6
data\raw\minibus\64dfd72a8a9b5bb7a21813c7973a2bb1.jpg,minibus,3
data\raw\minibus\69273576d5a7fe6cd4d708afbdc78751.jpg,minibus,6
data\raw\minibus\6c66c96b242afbea19d962d729d349f4.jpg,minibus,6
data\raw\minibus\7850fafbe5dc2c10e1fbf6ae0da8172c.jpg,minibus,6
data\raw\minibus\7e5a26bd011d829159e13de6a3cf7e59.jpg,minibus,6
data\raw\minibus\7e9dd71e83e5fad9f34f2ac7618325f7.jpg,minibus,6
data\raw\minibus\803cff8c04bb1baf90f892305f8b7da8.jpg,minibus,6
data\raw\minibus\81b7c5c6298c16ddf521e457603f415d.jpg,minibus,6
data\raw\minibus\834e44ac4ce285dd3e623a852251a910.jpg,minibus,6
data\raw\minibus\857ee7ca08acc5060e08e498ab7f6635.jpg,minibus,3
data\raw\minibus\86f36bd09a2d9746ee4f08d03d258815.jpg,minibus,3
data\raw\minibus\8b405a0b8729a99b74b6e36beb17daca.jpg,minibus,6
data\raw\minibus\8b83bd20b4ca1a587159dbd8d1a62f56.jpg,minibus,2
data\raw\minibus\8b8817fdd5516426e4dea15933be1e9d.jpg,minibus,6
data\raw\minibus\8dfd4e0a549d24ed31a3983828e882fb.jpg,minibus,6
data\raw\minibus\8eebbc5e04ee752fe9780667fd5b5a4c.jpg,minibus,6
data\raw\minibus\94064c6282c2af5610a79cdf149254ed.jpg,minibus,4
data\raw\minibus\964e65b678379427a0a5968ced6eb868.jpg,minibus,6
data\raw\minibus\996361d5b873adf15e6a3134fcac6a66.jpg,minibus,3
data\raw\minibus\99e5873668ee33b3b3ed4a1db54c0108.jpg,minibus,3
data\raw\minibus\9a456313f4ec16474cca3466e737ba81.jpg,minibus,2
data\raw\minibus\9b7805895ed9dab9d0ddb9f3ba301734.jpg,minibus,6
data\raw\minibus\9d89e49008c939390948c341bab38262.jpg,minibus,2
data\raw\minibus\9ef6b28f13517b622132d306064cef9d.jpg,minibus,3
data\raw\minibus\9f867d1299638bb105b966e6fbd3aeb4.jpg,minibus,6
data\raw\minibus\a1bc73de74ca95e0e675a3f7c459246a.jpg,minibus,6
data\raw\minibus\a23d6a6210878f4456a37d69c532f35d.jpg,minibus,6
data\raw\minibus\a2a3a3ec5ec31f0acb6b2032532269eb.jpg,minibus,3
data\raw\minibus\a3d226990455e57005aba354971cb755.jpg,minibus,3
data\raw\minibus\a3f442c623492464d44e942176b51501.jpg,minibus,1
data\raw\minibus\a736cb676f937c41105c376877a09751.jpg,minibus,6
data\raw\minibus\a7e739d704a20fde04396f00247b3188.jpg,minibus,3
data\raw\minibus\ac24812c769fc70305cf862d2d8a70f7.jpg,minibus,4
data\raw\minibus\ac414794f3419ae79c53059166098bce.jpg,minibus,3
data\raw\minibus\adab7e3e06283dfd2a8092b40191fcf5.jpg,minibus,3
data\raw\minibus\b07d399a0599a7017323b7f76daf0d0e.jpg,minibus,6
data\raw\minibus\b775abc5fd4a01827b006909bf228064.jpg,minibus,2
data\raw\minibus\b93f5a274bcfc70347633f0add766173.jpg,minibus,6
data\raw\minibus\ba1ddaa812c0efb3849f89767a8b0833.jpg,minibus,2
data\raw\minibus\ba79aa51d921805240e2262eccc062f8.jpg,minibus,6
data\raw\minibus\bc701d020b837b4b8bfd3be35da0ad75.jpg,minibus,3
data\raw\minibus\be6cb890f5288219253a3bec9dd83008.jpg,minibus,6
data\raw\minibus\be8febde3d449f67b49a6039fa78df2b.jpg,minibus,2
data\raw\minibus\bf9d9f404656d958d08401e88039d2b8.jpg,minibus,6
data\raw\minibus\c0d5f56627b27f1351ab599812f27a36.jpg,minibus,3
data\raw\minibus\c0fb48d18dd40e1a4b0e43c0f6788748.jpg,minibus,6
data\raw\minibus\c199ceb6c3b651260ca07381f4c25851.jpg,minibus,3
data\raw\minibus\c239246fb2ed5bca8a26a4be690cf552.jpg,minibus,6
data\raw\minibus\c2b85c3c3713c09c222c228ef9d3ec25.jpg,minibus,6
data\raw\minibus\c348e4a13df99563e9fc185d637e9953.jpg,minibus,2
data\raw\minibus\c4874287338ee298bb757017faf15aa1.jpg,minibus,6
data\raw\minibus\c4de30647a79d25cdaec99189cae4441.jpg,minibus,6
data\raw\minibus\c507c34e2d4c90abe903b4969d98d4d9.jpg,minibus,6
data\raw\minibus\c73fe0132612af707b6405a40384c40d.jpg,minibus,3
data\raw\minibus\c78803607ab457e64fa0974ec9216ed5.jpg,minibus,2
data\raw\minibus\c7fe013c5b2af5d4f659a7c22e8ff62f.jpg,minibus,2
data\raw\minibus\c81f49515326d6ac5a2b25568cbd5756.jpg,minibus,3
data\raw\minibus\cbd81303442f1ae055112d5cc5caf359.jpg,minibus,2
data\raw\minibus\ccc90adce6c3eb0e380d2e842b2cb06a.jpg,minibus,3
data\raw\minibus\cd6efb74372e827b0b2df8efb026b90d.jpg,minibus,3
data\raw\minibus\d1b9bcbf3f2dcc3cc4a49b580eb56f60.jpg,minibus,3
data\raw\minibus\d270ad2df21e46ccb45af79640b7912d.jpg,minibus,3
data\raw\minibus\d989f14a2e74e109f509829d3ada5fb5.jpg,minibus,3
data\raw\minibus\da8fef48c3e72ed44a7d18968928a79e.jpg,minibus,6
data\raw\minibus\dc2214c23eecead7c48ec8aa4371af3b.jpg,minibus,3
data\raw\minibus\e0919dca3544429c72fa3b6a1b5c6624.jpg,minibus,3
data\raw\minibus\e63dcfb710d9004ca59d6f4e8744f1f8.jpg,minibus,6
data\raw\minibus\e6dd3dd36f935df33e45e9353dd688c5.jpg,minibus,6
data\raw\minibus\e6f7b59cdb45799cae2f0550c81a1726.jpg,minibus,6
data\raw\minibus\e999ae011c3e7edd8ae1619a98f49c13.jpg,minibus,3
data\raw\minibus\ed4251d9fc0d2a642ee88bf96db5f9e0.jpg,minibus,6
data\raw\minibus\eef4853e8e1d5831b92373451c98f55a.jpg,minibus,6
data\raw\minibus\ef4e22682ff57c8243f2ae50147de4f2.jpg,minibus,3
data\raw\minibus\f112ebcc8aed953754c58fefae382aab.jpg,minibus,2
data\raw\minibus\f12aae898fa9ff43fc8c1fd44ff7ad36.jpg,minibus,3
data\raw\minibus\f370772dfcf16546cc74f37c2f1d5610.jpg,minibus,3
data\raw\minibus\f3c472b13d20d77dcf63c30a0b18149d.jpg,minibus,3
data\raw\minibus\f54f92665c6ae920d7c3f33e75f870f7.jpg,minibus,6
data\raw\minibus\f91a1d2088cbd20df14431acdb159bca.jpg,minibus,6
data\raw\minibus\fb5c406a0822b0e37a8af8e8b9848fda.jpg,minibus,6
data\raw\minibus\ffe6a42fd8fbc65c5edd37ce85cc6f9f.jpg,minibus,2
data\raw\racing car\0063de372ab91bcc5a607c579789a456.jpg,racing car,1
data\raw\racing car\007a0b9d0c14da894df6565af1ae59ea.jpg,racing car,1
data\raw\racing car\03324c2cd7922591767223af856daef9.jpg,racing car,1
data\raw\racing car\060e4baa5d72600a8933e6f9b4ffb1b2.jpg,racing car,1
data\raw\racing car\06b0b87b4b2fd17d774d97ae94670c17.jpg,racing car,1
data\raw\racing car\08a278c2bf16a286c9cb3383253f71fa.jpg,racing car,6
data\raw\racing car\08e45868c6d3378922aedefe54d22b0a.jpg,racing car,1
data\raw\racing car\0957459337b94a31b14003eb9b80990f.jpg,racing car,1
data\raw\racing car\0b6f33b8b2957b1e69f58fec697c6101.jpg,racing car,1
data\raw\racing car\1007f7c892f50dd8703acb062fb6cb47.jpg,racing car,7
data\raw\racing car\119e524741e7923db26a35b9c090e84f.jpg,racing car,1
data\raw\racing car\11bd4168f7aa5e62b691ead697b69010.jpg,racing car,1
data\raw\racing car\12735ae39f21f6e7b8896df2b0d2ab72.jpg,racing car,1
data\raw\racing car\142889b22987b0822ceca5f40434357d.jpg,racing car,1
data\raw\racing car\145b284c688fa00cc07ee929b518f185.jpg,racing car,1
data\raw\racing car\15ce76e5087cbfa933b26784de264caf.jpg,racing car,1
data\raw\racing car\16f38b8d99d4268f5596343047cc9508.jpg,racing car,1
data\raw\racing car\1780662e1a852f5dabdbe6affb4a4b35.jpg,racing car,1
data\raw\racing car\17f510417b9b5b37bef9da11e99f2ff4.jpg,racing car,1
data\raw\racing car\18034bce71835f5ec291290c8e013352.jpg,racing car,1
data\raw\racing car\190ebd6c295358a0ed127f78de35356b.jpg,racing car,1
data\raw\racing car\1b4ca96cd764ccc45b69231716f4f87f.jpg,racing car,1
data\raw\racing car\1c1503ed2d0eae3d5beb131e4249e3d1.jpg,racing car,6
data\raw\racing car\1d3314abde46dbc23e209d7a35e9f7eb.jpg,racing car,1
data\raw\racing car\1e296f68d5bddaf7542cfec30231986d.jpg,racing car,1
data\raw\racing car\225db228298e731d049379f11e114e81.jpg,racing car,1
data\raw\racing car\23f40d60e76391c72751f305ed749f95.jpg,racing car,1
data\raw\racing car\2401c99cc26da8de182c5bb02c1ec66e.jpg,racing car,1
data\raw\racing car\253fcdc3664396c4b931eb5b401d9047.jpg,racing car,1
data\raw\racing car\2d84c2830cac474701b37240f0d091fa.jpg,racing car,1
data\raw\racing car\3018f11322a82993625b47a81eb826df.jpg,racing car,1
data\raw\racing car\30da5b314ab3f96cb83e51a9b4d1ed77.jpg,racing car,1
data\raw\racing car\34e334a9f94078fc92e2fe9f321bfde8.jpg,racing car,1
data\raw\racing car\3b144a674998520b3622936a72169493.jpg,racing car,1
data\raw\racing car\3cecdbd789e6d2ca9404fa0a44fe69b9.jpg,racing car,1
data\raw\racing car\406ef526e49a4ee12b8756e172004181.jpg,racing car,1
data\raw\racing car\4105823bac0f37fcc583abf6afccc4d2.jpg,racing car,1
data\raw\racing car\41c9c31cd13b1692adbcc924c9972a62.jpg,racing car,1
data\raw\racing car\43c8a1ad50910a89e395334861dc4151.jpg,racing car,1
data\raw\racing car\44ba5cc59793c30a964dc7fafe84836a.jpg,racing car,1
data\raw\racing car\44d3032448442f8775b8094f3972ebfb.jpg,racing car,3
data\raw\racing car\47a3f2b4f844227a6a1c2ec7196566e2.jpg,racing car,1
data\raw\racing car\47d67a650db74615cfdced8e976dca7f.jpg,racing car,1
data\raw\racing car\4b98c70b79d292606112b958ed3465bf.jpg,racing car,6
data\raw\racing car\4c3e5897a42754cf00f04fbca5d4f8f1.jpg,racing car,6
data\raw\racing car\4ceb14b7f2a28e2bd38cb36990d59104.jpg,racing car,1
data\raw\racing car\54420873d673a7005fa1cba1256ba97c.jpg,racing car,1
data\raw\racing car\58f2371f1e74e9b68c695fa9da1e023a.jpg,racing car,1
data\raw\racing car\5c3d2fc107e21b90a593076c2bc3445d.jpg,racing car,1
data\raw\racing car\61395db2df25e02f0131e13eb31a909b.jpg,racing car,1
data\raw\racing car\61e2cd85ecf3a7134eef7e8070c415b3.jpg,racing car,1
data\raw\racing car\62e115cb75b314ebf8573d2423ffe01a.jpg,racing car,1
data\raw\racing car\65c118f7848deec6ce0856e0ecae4fcc.jpg,racing car,1
data\raw\racing car\66a6cb5016b9f5920e568ac8688549d3.jpg,racing car,1
data\raw\racing car\68f86eee4f4e62f1a43a89b037da8dc5.jpg,racing car,6
data\raw\racing car\6927697fdfd484e23efb2d7d7f8dcac6.jpg,racing car,1
data\raw\racing car\6b1bd7f08b633c3ee6305f0820da4161.jpg,racing car,6
data\raw\racing car\6d2cb8b05b9aa49c03803273874b914d.jpg,racing car,1
data\raw\racing car\6eaed2ad4e2d9711934ae6ddfc1f83bf.jpg,racing car,1
data\raw\racing car\716eba11388ca3f4fa7851bd47b778d0.jpg,racing car,1
data\raw\racing car\74620e51e4111c148ece4467c0a51f5a.jpg,racing car,1
data\raw\racing car\74ab6e2e4845f00efc20774f41a4c673.jpg,racing car,1
data\raw\racing car\755831db5de282ca5e6c724d7c6b347d.jpg,racing car,1
data\raw\racing car\7792b0f13718476a924615454b5c0d44.jpg,racing car,1
data\raw\racing car\78af4b02e37bf7044e117899ec631298.jpg,racing car,1
data\raw\racing car\79ca518edc8b4f7b5232a3d6ee85ab19.jpg,racing car,1
data\raw\racing car\7a6f4d59078f353bec3cd880d832f69d.jpg,racing car,1
data\raw\racing car\7adca7f9ecd295e226bff4c646a840d1.jpg,racing car,6
data\raw\racing car\7ae71d386769660f6e334441766be852.jpg,racing car,1
data\raw\racing car\7b0fbfc75b018215c9ba39ab49a6c460.jpg,racing car,1
data\raw\racing car\7b7b1ebebf729531a970271d5852ce62.jpg,racing car,1
data\raw\racing car\7bb55a6b1b22023adf2b255ecd2d041e.jpg,racing car,1
data\raw\racing car\81e07efa4bfdd91150cd006645e3e9c0.jpg,racing car,1
data\raw\racing car\87737daa3b3dd3203e2bc535777bfafa.jpg,racing car,1
data\raw\racing car\87d1d00e1f417c4f8a77467505db6aff.jpg,racing car,0
data\raw\racing car\8b3b1a9f8dcf7fb7e1a9a22fcf32c21e.jpg,racing car,1
data\raw\racing car\8b5ecbce1e0d9e70d6f6eeadb3313d2a.jpg,racing car,1
data\raw\racing car\8e1c1ca26f64326da1e0f7a9cd90fe44.jpg,racing car,1
data\raw\racing car\8e36135133f63dadfa65f5a59f030ad8.jpg,racing car,1
data\raw\racing car\8e3b5d8e43a79dc78f2d659196b7de74.jpg,racing car,1
data\raw\racing car\8e9729fc1d960bbfd177c2af36489fb3.jpg,racing car,1
data\raw\racing car\9036b4dc3906b02dab49ef2dc1bcb3fc.jpg,racing car,1
data\raw\racing car\9214351dd08171d79e766d6efd115848.jpg,racing car,1
data\raw\racing car\93bcee438d0b9637087a28b4b57c51f7.jpg,racing car,1
data\raw\racing car\93c942a4b751133816512561bf678bb2.jpg,racing car,6
data\raw\racing car\943a1c35c1bf50b7db6e451de008d664.jpg,racing car,1
data\raw\racing car\94b805beb311c29bcd09060082c554a0.jpg,racing car,1
data\raw\racing car\958f32ba66c712574831c95725855846.jpg,racing car,1
data\raw\racing car\95a647542648621a35e8953d2a53aabd.jpg,racing car,1
data\raw\racing car\969ea30fc45cfca634288cf0fccac161.jpg,racing car,1
data\raw\racing car\994d392ad5a8f7ed0f2150b270b6a63b.jpg,racing car,1
data\raw\racing car\9c7e2ac6ef0a3db2cf2955d83c9cf07e.jpg,racing car,1
data\raw\racing car\a1c770eb32055f03086d4d73d8f0e007.jpg,racing car,1
data\raw\racing car\a3196b9ac000694884d988bf15950664.jpg,racing car,1
data\raw\racing car\a750d10c6d2886c275666c520fa53cb0.jpg,racing car,1
data\raw\racing car\a854921457697a110a572c5e63ceadf6.jpg,racing car,1
data\raw\racing car\aa2b8b262d8f556466b08ff8b167f2a7.jpg,racing car,1
data\raw\racing car\ae030f77ab0c171de77cfb28a8903169.jpg,racing car,1
data\raw\racing car\ae055bb026ce3128db29aaf27723957a.jpg,racing car,1
data\raw\racing car\aef6436ddf4b1945b5f00eb3bb926804.jpg,racing car,1
data\raw\racing car\b53715b6f7e1080a6447f33df64acabc.jpg,racing car,1
data\raw\racing car\ba54bfadf29c40da9c18cfaedc5d634c.jpg,racing car,1
data\raw\racing car\bafdebc5d1c65297f9125dc996ab1377.jpg,racing car,6
data\raw\racing car\bb2145e22b3efbeea27e7b85f443b0d0.jpg,racing car,1
data\raw\racing car\bcc2ab5bc3c9a6c23243247ba1e2a64a.jpg,racing car,1
data\raw\racing car\bd30119e3421cbf252f52bcd83d62d01.jpg,racing car,1
data\raw\racing car\bd9ea0426fe1982a4cad83e35238a6aa.jpg,racing car,1
data\raw\racing car\be6fdfd9f5de3ce2ec0bc0312f9a3cab.jpg,racing car,1
data\raw\racing car\bea389612e9279e8bc55b0f29176ba1b.jpg,racing car,1
data\raw\racing car\bf313c31d09f4d6a878ac9e2f4eaec34.jpg,racing car,1
data\raw\racing car\c35655c4f3968772c35c38f86b2dcc5c.jpg,racing car,6
data\raw\racing car\c74be7796d8dcbcc9838fe30db64ae5f.jpg,racing car,1
data\raw\racing car\c765e0f392cc2d741b636eff0b2c3aa1.jpg,racing car,1
data\raw\racing car\c8a95320534d76e1764aaa1f76af70f8.jpg,racing car,1
data\raw\racing car\c909a4a3e75823082ab5a819727e290a.jpg,racing car,1
data\raw\racing car\cb4b7e1c446c1cbf018d46747d521c9c.jpg,racing car,1
data\raw\racing car\cb67735075e2c7f9bd13f43b5e1e0a9c.jpg,racing car,6
data\raw\racing car\cd7ba67ae973e8a21bc14bb72c2a8b0b.jpg,racing car,1
data\raw\racing car\cd8e16a54251082a172bef92acd3ba35.jpg,racing car,1
data\raw\racing car\d222dcc7c4e692c36903bd1823fa65b9.jpg,racing car,1
data\raw\racing car\d2fb031ec2f65e2524d2a600745db4e6.jpg,racing car,1
data\raw\racing car\d32902e1de2c8294d14928998e2581eb.jpg,racing car,1
data\raw\racing car\d5bd8d2988391a16d1e038e965de2ad2.jpg,racing car,6
data\raw\racing car\d5c9d129056add1018cb05ae14ea4b86.jpg,racing car,1
data\raw\racing car\d990c16d8d9a028a0e8555547387fa40.jpg,racing car,1
data\raw\racing car\d9e61999d48f66ec328ed42d50d7a018.jpg,racing car,1
data\raw\racing car\da31a37dc61c7b2260e1e79285bee85f.jpg,racing car,1
data\raw\racing car\dbb40c380ddef83a5fc179090040ab54.jpg,racing car,1
data\raw\racing car\dd0949b38193031891ed59e1743ec34a.jpg,racing car,1
data\raw\racing car\dd3dd4779c5ce0423fa662fcbc764c0d.jpg,racing car,1
data\raw\racing car\e5c85ff94a1d80dd7fa869b5a8e34ef5.jpg,racing car,1
data\raw\racing car\e61e76d60ac945e5142b297879043a81.jpg,racing car,1
data\raw\racing car\e89b268beae6db177f6860201fe96249.jpg,racing car,1
data\raw\racing car\e8a42e333ced38b07d0f683acd90dc35.jpg,racing car,1
data\raw\racing car\ebb821a0667a500180b4d30efcba2503.jpg,racing car,1
data\raw\racing car\f1906d4423caaeea2c86845118e4d662.jpg,racing car,3
data\raw\racing car\f248a7f6be2b42a68dbadad6d92fa6bd.jpg,racing car,1
data\raw\racing car\f899fc6c64fd151c62764a320b0fa21b.jpg,racing car,1
data\raw\racing car\fa108f10ea9dc4a7deb9983b6774855a.jpg,racing car,1
data\raw\racing car\fe4fa5d2487f24345ecfd07662674e44.jpg,racing car,1
data\raw\taxi\05cd3986c49ec62f44ff48bbb94f6e0c.jpg,taxi,3
data\raw\taxi\07791caad841c29378938e7ab8a7b2ad.jpg,taxi,6
data\raw\taxi\083d548d709e41a6c34cb70f587b61fd.jpg,taxi,6
data\raw\taxi\0a694bd8902e67d3e6337f7fe6cf9f30.jpg,taxi,2
data\raw\taxi\0b2ea1e3d263b4510e1a9754c25069e9.jpg,taxi,6
data\raw\taxi\0bd120648b0d89b1bb52b4c4a652e3da.jpg,taxi,0
data\raw\taxi\0c3da485def487e9a1e352cfb0373566.jpg,taxi,6
data\raw\taxi\0cbf75635c7cd7a42492c2ce29066dab.jpg,taxi,2
data\raw\taxi\0cc785cc88eb542f72cd76bed5210326.jpg,taxi,3
data\raw\taxi\0cd20a5d0b3faf0dacb6419f68d5ab2f.jpg,taxi,6
data\raw\taxi\0ee0d23b1f7c67acef23ed9965e828c7.jpg,taxi,3
data\raw\taxi\0fca3b3862dc5eca8b2c9d46a75c9494.jpg,taxi,6
data\raw\taxi\115c254d9e1671252bf63fb409a6e21c.jpg,taxi,2
data\raw\taxi\16f0cfb1cbc4063baa18f0d7be30ccd5.jpg,taxi,6
data\raw\taxi\1afa8a3a64306a54afc2946dc85461cc.jpg,taxi,3
data\raw\taxi\1b03943a518132aaf442ac6d1cf77b3c.jpg,taxi,6
data\raw\taxi\1c2ca8d5411fb517687544df6e6f86ee.jpg,taxi,3
data\raw\taxi\1fe14c60bed36c9e2fe74b1e62f2381a.jpg,taxi,6
data\raw\taxi\2017ae0c748ed60d2ee72564aba92c1b.jpg,taxi,6
data\raw\taxi\21b78597397da124c9d464e24bcfb6b7.jpg,taxi,6
data\raw\taxi\21f42038dd5444e39dcec7c9cc97aef2.jpg,taxi,6
data\raw\taxi\23b38f2c3d15e168af71bc86fcf09d9b.jpg,taxi,1
data\raw\taxi\2471c3cd5d2419dad3d3b58c5fe82e63.jpg,taxi,6
data\raw\taxi\26ca2a603cdc243351ea5ffd35f2df05.jpg,taxi,2
data\raw\taxi\286c297d96e151938d7f54eb84305520.jpg,taxi,6
data\raw\taxi\293834e9a1f80896f03c9b8ced5f03a7.jpg,taxi,1
data\raw\taxi\2c60b22bf6d26a8bdd043af05f9c55c3.jpg,taxi,6
data\raw\taxi\2fa241f79976743e4e4f0677bdb1e7f5.jpg,taxi,3
data\raw\taxi\359484d3e6c90bd9216075f99d666ca8.jpg,taxi,6
data\raw\taxi\383969cd7acabc061a0a3c6a3c67cca5.jpg,taxi,6
data\raw\taxi\390f5ff362506ed37a5f578ab9c624fd.jpg,taxi,3
data\raw\taxi\3c8edd81cd4e7ea97b755e294483e862.jpg,taxi,6
data\raw\taxi\4024a5ae3a16cd844e7dde0a6ab2508b.jpg,taxi,6
data\raw\taxi\42a35f5d305cbede839ddf1ddf5eefe1.jpg,taxi,3
data\raw\taxi\430e05d48ff932f99e168f66cddedf92.jpg,taxi,1
data\raw\taxi\48ac8148a3b2eb31c7c5e44cb54c3fb4.jpg,taxi,6
data\raw\taxi\4acaf1ebfb48e66fda201f4f80464f95.jpg,taxi,3
data\raw\taxi\4be2a57ff3c04d51b507701819cacbfe.jpg,taxi,1
data\raw\taxi\4f07faad945ca71ac654b2685b2f322c.jpg,taxi,6
data\raw\taxi\4f6cf4b403bdf4f91527f6056f3439ec.jpg,taxi,6
data\raw\taxi\4f87667a8dcfc89cc19994dee06fcc2f.jpg,taxi,6
data\raw\taxi\54444385b640a1405d65a8e849cac152.jpg,taxi,6
data\raw\taxi\556d30e6b8647bdd740cb3d365f89667.jpg,taxi,6
data\raw\taxi\5c90911c852db392a8c0a6004004150f.jpg,taxi,1
data\raw\taxi\5db031d133619cfe6980d141bc89ac3a.jpg,taxi,6
data\raw\taxi\5df961882ea59ce778012b9c6be02845.jpg,taxi,6
data\raw\taxi\62280df7f8644260cf7ef311e6b383d0.jpg,taxi,3
data\raw\taxi\636b326c3a08762ff7f7197c6333baf6.jpg,taxi,3
data\raw\taxi\67bcbac37b5339646c0ba07ed522af36.jpg,taxi,0
data\raw\taxi\6bc666c9d4599c46152c12f030205b35.jpg,taxi,6
data\raw\taxi\6de9ad587079f6eed7c38bb7600da7d7.jpg,taxi,3
data\raw\taxi\6f1e8c21f7d85f5bc1caa0f1fdafe457.jpg,taxi,6
data\raw\taxi\6fdf7a9d0592ea1befa825f882c3985f.jpg,taxi,2
data\raw\taxi\7282e1c7e10b898ef3123a97c96d447d.jpg,taxi,3
data\raw\taxi\72cb36fe3e0615dc8e338dc71447d0f8.jpg,taxi,5
data\raw\taxi\74074cca9793f419c9192a39c949d371.jpg,taxi,6
data\raw\taxi\75d220b4b8f4c1b0ae04a62e91ffd0c9.jpg,taxi,6
data\raw\taxi\76a650311dc1ae628343008e012b5c83.jpg,taxi,2
data\raw\taxi\78740148b46f08add2b97afe9348ccad.jpg,taxi,3
data\raw\taxi\7afe98759e1ff1aaf4e3c0aa0be46ca4.jpg,taxi,6
data\raw\taxi\7ed9a0051c33cbfd3f6ecde9b192a72d.jpg,taxi,6
data\raw\taxi\868dfb20e4e058c3226141360e8e6769.jpg,taxi,3
data\raw\taxi\870278e7d84fbfc3626b633f07f13847.jpg,taxi,3
data\raw\taxi\88e92787c8fa6772d94d6d0fbf834f7c.jpg,taxi,6
data\raw\taxi\892c5c6b7ecc6b5752e70d227529eb47.jpg,taxi,0
data\raw\taxi\8b55ff52406101a3dcaf9eb05a3fff53.jpg,taxi,6
data\raw\taxi\8b877e27664726d776e2bc9a98d412d9.jpg,taxi,3
data\raw\taxi\8db2fccbbe962f653f5e7e218406930a.jpg,taxi,6
data\raw\taxi\8fc37b36c7922f1a661c4cc2325c7910.jpg,taxi,3
data\raw\taxi\90e54b5878a83f70b5f33dee527dec41.jpg,taxi,1
data\raw\taxi\9363fbbb2dcd12ea69a86fa750a2a3f0.jpg,taxi,6
data\raw\taxi\938ee3cdc3a972d7237970ee569775bd.jpg,taxi,2
data\raw\taxi\950b9dd13eb2325e17a9770d67e0fd38.jpg,taxi,6
data\raw\taxi\95e41e1de0513eb09b193d7bf8e3f9e9.jpg,taxi,6
data\raw\taxi\97d7d142116566c855679927ee497560.jpg,taxi,1
data\raw\taxi\995fd30595f10fc3ba83276ad493ecca.jpg,taxi,2
data\raw\taxi\9a141a84fec4a886d60e96efcb235480.jpg,taxi,0
data\raw\taxi\9c900ab9a80301e58d15b92b38ec401e.jpg,taxi,6
data\raw\taxi\a001d1ed686de654fc3651dad6511e77.jpg,taxi,6
data\raw\taxi\a0482550821840ad052f989cee24cf62.jpg,taxi,1
data\raw\taxi\a2f0fa9004ac8bc825b1dd3d9b6976c0.jpg,taxi,6
data\raw\taxi\a4463c0e9c23e8c80ae9f085d837d7f7.jpg,taxi,6
data\raw\taxi\a6be6c46722428013a40171d7fe15cc9.jpg,taxi,6
data\raw\taxi\a897c297fd9cc287ff1da100bc1053cc.jpg,taxi,3
data\raw\taxi\aa6aa812c40baddb427dd361b437e7da.jpg,taxi,6
data\raw\taxi\ab008ea35d41cdcde00f9f63e063eb53.jpg,taxi,6
data\raw\taxi\abcee54b2cd209ed41ef29833cfad15b.jpg,taxi,3
data\raw\taxi\ad622333ef227c78ffcd9094abd64c24.jpg,taxi,3
data\raw\taxi\ae285756d5c0d3bb40efe8a54d95b00b.jpg,taxi,6
data\raw\taxi\ae579450442de50462a26afd2040234b.jpg,taxi,6
data\raw\taxi\b12d46faa3bda11d554ce5e70403407a.jpg,taxi,6
data\raw\taxi\b24b989a39251e44dc7917418c6e2f7d.jpg,taxi,6
data\raw\taxi\b27657a924ff256de6926ef36e10aa54.jpg,taxi,1
data\raw\taxi\b373e8c217a9a800275ca8a051e9bf68.jpg,taxi,6
data\raw\taxi\b3b8c8f7407919fe77adfdc9352fa353.jpg,taxi,3
data\raw\taxi\b3e66afa0a15adb3c7a0d1baf895f371.jpg,taxi,3
data\raw\taxi\b738c8ab4bc9e8bf24ac90bf0ded5a1d.jpg,taxi,1
data\raw\taxi\b7cc071506ffbf9245d646e5c9b7c249.jpg,taxi,6
data\raw\taxi\b8c9dd6532be302ff020b1eb4d513e8b.jpg,taxi,2
data\raw\taxi\b8e5eea2f82dfb38edb39352b29d0abc.jpg,taxi,3
data\raw\taxi\b9446642cea6e75f1e007184c376373c.jpg,taxi,6
data\raw\taxi\b968a493e27e451177a4a11a1f7dbaa8.jpg,taxi,2
data\raw\taxi\bbbad77f80442627e31f7b5a46938266.jpg,taxi,2
data\raw\taxi\bbcf8f4b3956288cee8339743ccad5c4.jpg,taxi,6
data\raw\taxi\bcb1bbe9181163552ffde933fab5fded.jpg,taxi,6
data\raw\taxi\bdda06227ddfc1e6097401238c205aef.jpg,taxi,1
data\raw\taxi\c647d26bc2e864a2755864d8e2152044.jpg,taxi,1
data\raw\taxi\c6530b81ef78ff8dd639fdfc76fcc8d9.jpg,taxi,6
data\raw\taxi\c6901bf1677844dbded76af4b05561ef.jpg,taxi,6
data\raw\taxi\c8ef424096970f8ff4dc43579bfa1fa3.jpg,taxi,6
data\raw\taxi\ca1f38a0005c04a3962bcdbda82bcb56.jpg,taxi,1
data\raw\taxi\cb0a3876e4fe76a6da1f1f0dfbe3620a.jpg,taxi,1
data\raw\taxi\cf08d3211fadd53b2c311416cb765a97.jpg,taxi,1
data\raw\taxi\d00c59de72d44f811e0cf43d438e7f9b.jpg,taxi,1
data\raw\taxi\d080fc742ece0d179c2fb32bd4e0c031.jpg,taxi,6
data\raw\taxi\d178894906798a7da9bfea4f381951ff.jpg,taxi,6
data\raw\taxi\d3692d270ae6ddab96d6e05645710192.jpg,taxi,6
data\raw\taxi\d56bd8c71dd156d2a1d5ec66806b5d3a.jpg,taxi,6
data\raw\taxi\d57bcc6f355d54fe562a8ae91a19cd6b.jpg,taxi,2
data\raw\taxi\d8c669fd487231b23ac6623fe69e678f.jpg,taxi,6
data\raw\taxi\d9ad0835142b58d3f8ad62d13db4d2dc.jpg,taxi,6
data\raw\taxi\d9b851b5f0ec47cf6dfc6a25a85a21fd.jpg,taxi,6
data\raw\taxi\dc6e5faef448d17291b095f17c9167bf.jpg,taxi,6
data\raw\taxi\ddb65c49340b67e6f2a6809496953ff5.jpg,taxi,6
data\raw\taxi\e164ac66cd295e4fdf438be490daf753.jpg,taxi,1
data\raw\taxi\e429d94fb5d9771969f9a4636ed2f8cb.jpg,taxi,6
data\raw\taxi\e6276fd23000b9e52a6930feeb2d336d.jpg,taxi,6
data\raw\taxi\ea91c837ef0e7275b73b2355068c396a.jpg,taxi,1
data\raw\taxi\ec36670f5c95394b7420c85bdbb749da.jpg,taxi,6
data\raw\taxi\ecc32474b65d34153143bbbd8cbd8f18.jpg,taxi,6
data\raw\taxi\ed12ac35d6b6799a5185532280d7ee9e.jpg,taxi,6
data\raw\taxi\efc10df8626d87cb6a049dce32a3bad5.jpg,taxi,6
data\raw\taxi\f5fa0df59f3e6f2712f11271be2f4260.jpg,taxi,6
data\raw\taxi\f8f04899571e80c88b51d2c1ee764dce.jpg,taxi,6
data\raw\taxi\f976d1c62e336386bec6e45012769f3d.jpg,taxi,6
data\raw\taxi\fb49351306028249c0cc5da8f968b8cc.jpg,taxi,3
data\raw\taxi\fcf1b456fd01bfb618823c2429c0cf8b.jpg,taxi,6
data\raw\taxi\fd442e7305f90b06ca3d4357488f05a0.jpg,taxi,6
data\raw\taxi\fe9f8ce51d05d56591430902085470f9.jpg,taxi,3
data\raw\taxi\ff3602875c0cd7aa793f4c36a31f499e.jpg,taxi,2
data\raw\truck\013b92b8218fdb79aab8a1aee019c120.jpg,truck,3
data\raw\truck\0175167220962fb099a5c975644516b1.jpg,truck,3
data\raw\truck\04bb4ff41e975498c622ae848ea0b639.jpg,truck,6
data\raw\truck\08ef32f614082ea02b98560aae7e152d.jpg,truck,4
data\raw\truck\0ba6b9ee096fc34a07deb2cd6fa53204.jpg,truck,3
data\raw\truck\0c0423bc37cf04a30a7e91c3d108d256.jpg,truck,3
data\raw\truck\0dcd200473086d111b5037cd6f8c10b9.jpg,truck,3
data\raw\truck\0ea5319ebf253d553f4764351e94220a.jpg,truck,2
data\raw\truck\127a0ddd24068b4384fc422fecb12e54.jpg,truck,3
data\raw\truck\1515a343b91215891ed53e12e7a878c7.jpg,truck,2
data\raw\truck\1529a9e143c74425a4705edfb97f9752.jpg,truck,3
data\raw\truck\18eda62dc31de5bf84d6a317f161fa3b.jpg,truck,2
data\raw\truck\1f35ff6e2dcff8b8399330daf502a90f.jpg,truck,2
data\raw\truck\1fa215add7a78015682d78ea9c3db21b.jpg,truck,2
data\raw\truck\21e1f98175916900d933a7e9923caaf2.jpg,truck,2
data\raw\truck\22a3edbcbfded52ba8aa3526701d4791.jpg,truck,4
data\raw\truck\23321bf76d5ec48eca8bb7b536e4b254.jpg,truck,2
data\raw\truck\26557b3258088576372960957f9041c7.jpg,truck,3
data\raw\truck\28ac4868d1e5e87d0b4863a8cac9b44c.jpg,truck,6
data\raw\truck\2a840b925139bff3297c8b1b44f13fc6.jpg,truck,3
data\raw\truck\2c616b209e674dcfa5743f179ed4ed5f.jpg,truck,3
data\raw\truck\2efabb5494b9a9acb6ee07c4c3c4dfe0.jpg,truck,3
data\raw\truck\2f25ef0990c20611fc7ddc1530d833f5.jpg,truck,3
data\raw\truck\32aa03fcb2357683b9e0ea416b1dcc70.jpg,truck,2
data\raw\truck\341fd1c8457a8075884ec38c86a6379e.jpg,truck,2
data\raw\truck\371b9d68dcf81e1b21d84c74b8cd38a8.jpg,truck,3
data\raw\truck\37ead265c6d3ebddd4f4de880054f544.jpg,truck,2
data\raw\truck\389cf69c078d8631bd85c4440dd7e32d.jpg,truck,3
data\raw\truck\39bbc4120eca5689dcc1cc65e2ccd201.jpg,truck,3
data\raw\truck\3c5ec98735867db7ac18517a4d9ab04e.jpg,truck,6
data\raw\truck\3df292c046605a32b1ec1d23f8d116d1.jpg,truck,2
data\raw\truck\40b329bd7115836119bcc0b8d2cf91f7.jpg,truck,4
data\raw\truck\4162408171a26fe4be3a0cbdf92bc96c.jpg,truck,3
data\raw\truck\44795863e63bfde7c2369a75453b17ff.jpg,truck,6
data\raw\truck\486246b1909fb89d05b3730b522a0115.jpg,truck,3
data\raw\truck\4cc36868c93419ce84eae7cd993d59e0.jpg,truck,3
data\raw\truck\4d464a7b616aeea5ff13a867d610e260.jpg,truck,2
data\raw\truck\4f823a4fd5d5f714cad23ee88f7469bc.jpg,truck,3
data\raw\truck\5023556ad70cab8c72adc4e1abbff245.jpg,truck,2
data\raw\truck\50c7aacce17aa0937ff719cde099b092.jpg,truck,3
data\raw\truck\5571fb9e8af9091ebb6b6ac027912d11.jpg,truck,2
data\raw\truck\586e55d034300d8f31d230af553a71e5.jpg,truck,2
data\raw\truck\5edb3e4848120d7664f6c586c6882804.jpg,truck,3
data\raw\truck\60d42956dec8b6a3a535807b4e6841a0.jpg,truck,3
data\raw\truck\661d133cb28bde66f587cb69e4e56e0a.jpg,truck,3
data\raw\truck\695a22fe1b118f200765119061ed70bb.jpg,truck,6
data\raw\truck\6985e8253b9d72a741f3e0d67a483e10.jpg,truck,3
data\raw\truck\6a19f5e36a50cf7979b3908daee30b14.jpg,truck,2
data\raw\truck\6dea6047a26c5c8c63f8de18eb4fdfe3.jpg,truck,4
data\raw\truck\6e4637cc02df81afef6d3be6dca1f9b2.jpg,truck,6
data\raw\truck\6f97401f3a97b2066b748f02cb1327ef.jpg,truck,4
data\raw\truck\6f9d74431d0fb7281cd03835d761da0f.jpg,truck,4
data\raw\truck\7a7fcae6f51795c5ae96f6a4dfbda626.jpg,truck,3
data\raw\truck\7ccae4ada603953f56a484f996fee155.jpg,truck,3
data\raw\truck\7faacf2af0827c84bd9af03ae074467b.jpg,truck,4
data\raw\truck\7fbe73b7bc01edbc7426432e85df5821.jpg,truck,3
data\raw\truck\82b6686d1a674c8f9675689bd1d0e623.jpg,truck,3
data\raw\truck\835d5c2f4124d2db06377d97d63851e2.jpg,truck,6
data\raw\truck\83a3145477bc3130ed54fa6313f7b91e.jpg,truck,3
data\raw\truck\8628ea6e12d48354bb672dff0444d58b.jpg,truck,3
data\raw\truck\8904b7e787a6434f8916a450bbce8c6f.jpg,truck,2
data\raw\truck\89fff79c356fba32453f4f093e1301f4.jpg,truck,3
data\raw\truck\8a1e2c96554ec321d6f16a1dcb1f9448.jpg,truck,2
data\raw\truck\8dc131b06a867a941a82b8137222696b.jpg,truck,6
data\raw\truck\8f1e18d874dbd4ab421ff69ddcc3cb69.jpg,truck,4
data\raw\truck\9009b784b917fc80b3253cb30b163f99.jpg,truck,3
data\raw\truck\9043d618dedf96f9a8b2648747007887.jpg,truck,2
data\raw\truck\9623f3ec81a7505ed973e9c28d26eeff.jpg,truck,2
data\raw\truck\9638634db3ce0c0358d0fca0d4f84599.jpg,truck,4
data\raw\truck\9736ae4bc440eb21ed4b7034ebdcd1e4.jpg,truck,2
data\raw\truck\9da0a519d5061b53286b9f2e8263dd0f.jpg,truck,2
data\raw\truck\9da6f0a6f56b4b553ed0d92cdcd5025e.jpg,truck,3
data\raw\truck\a3c74913fa9385ab62ef91915e910d65.jpg,truck,2
data\raw\truck\a51f8a1d3c02c67d5178ef72678614a4.jpg,truck,3
data\raw\truck\aab38902d50e4b75855c8158b82eed76.jpg,truck,2
data\raw\truck\adea476fc7ad22500a84be75d726a59f.jpg,truck,2
data\raw\truck\af45f9a4ab2a93e93596aa9e4c333513.jpg,truck,3
data\raw\truck\b0100588361384a63bcf5c1e8442d9cd.jpg,truck,6
data\raw\truck\b02ff6476a8146e234b7afa3fb86922c.jpg,truck,2
data\raw\truck\b2ca76020dfb0716c2a33ab87d601b8f.jpg,truck,2
data\raw\truck\b3324b8fad95c000e674928531ba3390.jpg,truck,3
data\raw\truck\b3474c36d920b2173cc52c7e0165dbec.jpg,truck,3
data\raw\truck\b3cad4f85d617243862c77b61aa66fc8.jpg,truck,2
data\raw\truck\b3e804dfdf1bf7131f249a864379ae02.jpg,truck,4
data\raw\truck\b63c1515650d9a5c262ea01c692ddec5.jpg,truck,2
data\raw\truck\b7454c9d696fd598018b031caa5b6413.jpg,truck,2
data\raw\truck\b7a4b53dc5610d59f1fdf51639a4ef45.jpg,truck,4
data\raw\truck\b7fed3a49060c783b032fb28783a3cec.jpg,truck,2
data\raw\truck\b84a54031eb001b671034b9e4782597c.jpg,truck,2
data\raw\truck\baf5d74836951bf0b3cff20904fbaaaf.jpg,truck,3
data\raw\truck\bd289d8f93d99969b4234c8a783b9262.jpg,truck,2
data\raw\truck\be8f64d3225315036113b4c2e0d6971a.jpg,truck,3
data\raw\truck\be9c372d4c5bfe1f6577de9240e16168.jpg,truck,3
data\raw\truck\beea9c8796c1cd45a90683bc220aeaeb.jpg,truck,3
data\raw\truck\bfd3df6dbc1af545bf4f9a61ef3eb783.jpg,truck,6
data\raw\truck\c2720f841135eb6380fdfb07cd86efaa.jpg,truck,2
data\raw\truck\c442455b9b83d25597a51675c168f06b.jpg,truck,3
data\raw\truck\c47b1ae1f75a37b742e6a98254660438.jpg,truck,4
data\raw\truck\c5476ca35db376fbfcad329c99969b35.jpg,truck,2
data\raw\truck\c6df1e633e7d84d932617df26b584c84.jpg,truck,3
data\raw\truck\c84f73a3953fc60791b253fda76f4cd6.jpg,truck,2
data\raw\truck\ca0097a22d2630d9e7e720478e51be5c.jpg,truck,3
data\raw\truck\ce86f07a49f34570aa2309322ecf591b.jpg,truck,2
data\raw\truck\d1cdd033322ddcc31e74abcf745746b5.jpg,truck,3
data\raw\truck\d36ec199cc80711464ddfe1f4ce80dc8.jpg,truck,4
data\raw\truck\d6eeafda959cc8250c6f20bdb60338fc.jpg,truck,2
data\raw\truck\d820bea22a6ab43a70c483f9bac69d64.jpg,truck,3
data\raw\truck\d9f197aebd8080d22206d28ecf3f06f0.jpg,truck,3
data\raw\truck\dadf9a1e641fa6849257db13b2ebed3e.jpg,truck,2
data\raw\truck\db0fc564d6363c8555a723d58bd6c2db.jpg,truck,2
data\raw\truck\dd6adf9d5d7bc930bddc8e6824f02e58.jpg,truck,3
data\raw\truck\e075e9a154dbcf2f8859194136bf22d5.jpg,truck,2
data\raw\truck\e11f82ec746a34c5548800f51cca9b6e.jpg,truck,3
data\raw\truck\e22cf00e21b936982e03ecfb51a14155.jpg,truck,3
data\raw\truck\e3ee35b2c78f6e9a9a4f23fb1dc8253e.jpg,truck,3
data\raw\truck\e4071bbb45d0ceeae57c4bc969a475c8.jpg,truck,4
data\raw\truck\e56b48f5affd46886b5af93c8c28c1ac.jpg,truck,2
data\raw\truck\e6210db192ca3c10b39fc5f49227d8cc.jpg,truck,6
data\raw\truck\e8a6241633597e1b7430e0cf5eb06222.jpg,truck,3
data\raw\truck\e8da0efed8863b92b0428f1436b45614.jpg,truck,2
data\raw\truck\e91ecd85e8180bc393963f0fa694c61c.jpg,truck,3
data\raw\truck\e92480bc79b8005f3134b7099f86e5f0.jpg,truck,3
data\raw\truck\e9b5c4d2e7c4de8d5abec5df31344097.jpg,truck,4
data\raw\truck\ea4d71c67f79bd40c1b1e2c363d2e287.jpg,truck,4
data\raw\truck\eb127f235c1dccbba86d04fae64df7b6.jpg,truck,3
data\raw\truck\eb879075211c405dde21d38de5f21ea7.jpg,truck,2
data\raw\truck\ecda27b5f224184b4f8d4c7524e68043.jpg,truck,6
data\raw\truck\ee8853b10eeaba403d4a9decf61d854d.jpg,truck,3
data\raw\truck\ef4bb814c499dadaec01b84854650358.jpg,truck,3
data\raw\truck\efefdb7746d604aa20dbab62057a3b93.jpg,truck,6
data\raw\truck\f19d314206f8d150f6ed4eac5dd3da4c.jpg,truck,3
data\raw\truck\f1fb11fbf7a7987a8f497ed2c10fb151.jpg,truck,2
data\raw\truck\f2ad047df11891663840fb394b7f105d.jpg,truck,3
data\raw\truck\f383d2f79f431267b545c572d0ddea06.jpg,truck,4
data\raw\truck\f5579a2ea30a7f8421a5e34fd9e32d61.jpg,truck,3
data\raw\truck\f8cd1f39d89896581cb9a9848d3c2301.jpg,truck,2
data\raw\truck\fa86c5660feb5f045802fdd0ce5b161f.jpg,truck,3
data\raw\truck\fb11d5672052450ec73b34fd98173073.jpg,truck,2
data\raw\truck\fbc97c44bbd56ab6697f6329c51b153d.jpg,truck,3
data\raw\truck\fde706a786db4f269a44d8e8f360b4bc.jpg,truck,3
